Workbook

Sheet Final
B1: uM | L1: AREA
A2: Filename | B2: cFMN | C2: FAD | D2: FMN | E2: AceCoA | F2: AMP | G2: NAD | H2: CoA | I2: ADP | J2: ATP | K2: SAM | L2: Panthothenic_acid_B5 | M2: NAM | N2: Rivoflavin_B2 | O2: NADH | P2: NADP | Q2: NADPH
A3: 1 | B3: ='uM (final) '!#REF! -> #REF! | C3: ='uM (final) '!U3 -> 0.058751328 | D3: ='uM (final) '!#REF! -> #REF! | E3: ='uM (final) '!V3 -> 0.060636208 | F3: ='uM (final) '!#REF! -> #REF! | G3: ='uM (final) '!W3 -> 0.48718037 | H3: ='uM (final) '!X3 -> 0 | I3: ='uM (final) '!Y3 -> 0.61557964 | J3: ='uM (final) '!Z3 -> 3.7292259 | K3: ='uM (final) '!AA3 -> 0.1828412 | L3: 16659759 | M3: 636057.02 | N3: 0 | O3: 21191.292 | P3: 23755.616 | Q3: 0 | S3: Orange: Height blelow 1E4
A4: 2 | B4: ='uM (final) '!#REF! -> #REF! | C4: ='uM (final) '!U4 -> 0.058447733 | D4: ='uM (final) '!#REF! -> #REF! | E4: ='uM (final) '!V4 -> 0.060825236 | F4: ='uM (final) '!#REF! -> #REF! | G4: ='uM (final) '!W4 -> 0.46674623 | H4: ='uM (final) '!X4 -> 0 | I4: ='uM (final) '!Y4 -> 0.66103656 | J4: ='uM (final) '!Z4 -> 3.4219301 | K4: ='uM (final) '!AA4 -> 0.19068498 | L4: 17523720 | M4: 811243.28 | N4: 0 | O4: 61930.218 | P4: 22262.885 | Q4: 0 | S4: Green: not sure
A5: 3 | B5: ='uM (final) '!#REF! -> #REF! | C5: ='uM (final) '!U5 -> 0.059098165 | D5: ='uM (final) '!#REF! -> #REF! | E5: ='uM (final) '!V5 -> 0.061044727 | F5: ='uM (final) '!#REF! -> #REF! | G5: ='uM (final) '!W5 -> 0.50157591 | H5: ='uM (final) '!X5 -> 0 | I5: ='uM (final) '!Y5 -> 0.78752517 | J5: ='uM (final) '!Z5 -> 2.9654645 | K5: ='uM (final) '!AA5 -> 0.17973164 | L5: 19277570 | M5: 1004545.2 | N5: 4414.9022 | O5: 49737.387 | P5: 27383.156 | Q5: 996.56109
A6: 4 | B6: ='uM (final) '!#REF! -> #REF! | C6: ='uM (final) '!U6 -> 0.057516999 | D6: ='uM (final) '!#REF! -> #REF! | E6: ='uM (final) '!V6 -> 0.061710437 | F6: ='uM (final) '!#REF! -> #REF! | G6: ='uM (final) '!W6 -> 0.23023277 | H6: ='uM (final) '!X6 -> 0 | I6: ='uM (final) '!Y6 -> 0.96654071 | J6: ='uM (final) '!Z6 -> 2.0389322 | K6: ='uM (final) '!AA6 -> 0.17655404 | L6: 3598273.1 | M6: 206003.08 | N6: 0 | O6: 298466.3 | P6: 21601.385 | Q6: 23887.577
A7: 5 | B7: ='uM (final) '!#REF! -> #REF! | C7: ='uM (final) '!U7 -> 0.05807149 | D7: ='uM (final) '!#REF! -> #REF! | E7: ='uM (final) '!V7 -> 0.064868697 | F7: ='uM (final) '!#REF! -> #REF! | G7: ='uM (final) '!W7 -> 0.31818358 | H7: ='uM (final) '!X7 -> 0 | I7: ='uM (final) '!Y7 -> 1.2736239 | J7: ='uM (final) '!Z7 -> 2.6237022 | K7: ='uM (final) '!AA7 -> 0.21157078 | L7: 3776005.6 | M7: 270496.59 | N7: 0 | O7: 332746.77 | P7: 41957.672 | Q7: 37318.4
A8: 6 | B8: ='uM (final) '!#REF! -> #REF! | C8: ='uM (final) '!U8 -> 0.05702011 | D8: ='uM (final) '!#REF! -> #REF! | E8: ='uM (final) '!V8 -> 0.061671489 | F8: ='uM (final) '!#REF! -> #REF! | G8: ='uM (final) '!W8 -> 0.25161539 | H8: ='uM (final) '!X8 -> 0 | I8: ='uM (final) '!Y8 -> 1.0982071 | J8: ='uM (final) '!Z8 -> 1.7504292 | K8: ='uM (final) '!AA8 -> 0.2029127 | L8: 3316158.3 | M8: 242142.74 | N8: 0 | O8: 354257.62 | P8: 22038.204 | Q8: 63092.456
A9: 7 | B9: ='uM (final) '!#REF! -> #REF! | C9: ='uM (final) '!U9 -> 0.058867698 | D9: ='uM (final) '!#REF! -> #REF! | E9: ='uM (final) '!V9 -> 0.061499655 | F9: ='uM (final) '!#REF! -> #REF! | G9: ='uM (final) '!W9 -> 0.28718468 | H9: ='uM (final) '!X9 -> 0 | I9: ='uM (final) '!Y9 -> 0.45932808 | J9: ='uM (final) '!Z9 -> 4.1292896 | K9: ='uM (final) '!AA9 -> 0.22043841 | L9: 18287001 | M9: 217237.09 | N9: 0 | O9: 384514.18 | P9: 26231.475 | Q9: 64267.632
A10: 8 | B10: ='uM (final) '!#REF! -> #REF! | C10: ='uM (final) '!U10 -> 0.05921692 | D10: ='uM (final) '!#REF! -> #REF! | E10: ='uM (final) '!V10 -> 0.061742563 | F10: ='uM (final) '!#REF! -> #REF! | G10: ='uM (final) '!W10 -> 0.30003782 | H10: ='uM (final) '!X10 -> 0 | I10: ='uM (final) '!Y10 -> 0.48383551 | J10: ='uM (final) '!Z10 -> 4.1917909 | K10: ='uM (final) '!AA10 -> 0.21569567 | L10: 21173956 | M10: 463399.36 | N10: 0 | O10: 404488.48 | P10: 29220.541 | Q10: 73870.498
A11: 9 | B11: ='uM (final) '!#REF! -> #REF! | C11: ='uM (final) '!U11 -> 0.059043905 | D11: ='uM (final) '!#REF! -> #REF! | E11: ='uM (final) '!V11 -> 0.061438173 | F11: ='uM (final) '!#REF! -> #REF! | G11: ='uM (final) '!W11 -> 0.30868862 | H11: ='uM (final) '!X11 -> 0 | I11: ='uM (final) '!Y11 -> 0.50191972 | J11: ='uM (final) '!Z11 -> 4.5225305 | K11: ='uM (final) '!AA11 -> 0.2200015 | L11: 21001155 | M11: 234769.04 | N11: 2724.1156 | O11: 475996.19 | P11: 35690.199 | Q11: 76761.256
A12: 10 | B12: ='uM (final) '!#REF! -> #REF! | C12: ='uM (final) '!U12 -> 0.05861699 | D12: ='uM (final) '!#REF! -> #REF! | E12: ='uM (final) '!V12 -> 0.060496628 | F12: ='uM (final) '!#REF! -> #REF! | G12: ='uM (final) '!W12 -> 0.53661842 | H12: ='uM (final) '!X12 -> 0 | I12: ='uM (final) '!Y12 -> 0.48746546 | J12: ='uM (final) '!Z12 -> 3.7316753 | K12: ='uM (final) '!AA12 -> 0.2319749 | L12: 17325204 | M12: 2324404.2 | N12: 849349.89 | O12: 421272.28 | P12: 44360.138 | Q12: 77829.453
A13: 11 | B13: ='uM (final) '!#REF! -> #REF! | C13: ='uM (final) '!U13 -> 0.058592609 | D13: ='uM (final) '!#REF! -> #REF! | E13: ='uM (final) '!V13 -> 0.061290032 | F13: ='uM (final) '!#REF! -> #REF! | G13: ='uM (final) '!W13 -> 0.47831245 | H13: ='uM (final) '!X13 -> 0 | I13: ='uM (final) '!Y13 -> 0.43384934 | J13: ='uM (final) '!Z13 -> 3.4989121 | K13: ='uM (final) '!AA13 -> 0.21039834 | L13: 14609645 | M13: 1796839.6 | N13: 554884.18 | O13: 411788.01 | P13: 35585.018 | Q13: 35041.707
A14: 12 | B14: ='uM (final) '!#REF! -> #REF! | C14: ='uM (final) '!U14 -> 0.058478334 | D14: ='uM (final) '!#REF! -> #REF! | E14: ='uM (final) '!V14 -> 0.062429307 | F14: ='uM (final) '!#REF! -> #REF! | G14: ='uM (final) '!W14 -> 0.5421841 | H14: ='uM (final) '!X14 -> 0 | I14: ='uM (final) '!Y14 -> 0.46110291 | J14: ='uM (final) '!Z14 -> 3.6669632 | K14: ='uM (final) '!AA14 -> 0.22274872 | L14: 15307385 | M14: 4887364.1 | N14: 1172735.2 | O14: 521911.84 | P14: 35225.383 | Q14: 85725.867
A15: 13 | B15: ='uM (final) '!#REF! -> #REF! | C15: ='uM (final) '!U15 -> 0.06572692 | D15: ='uM (final) '!#REF! -> #REF! | E15: ='uM (final) '!V15 -> 0.071050476 | F15: ='uM (final) '!#REF! -> #REF! | G15: ='uM (final) '!W15 -> 1.4517582 | H15: ='uM (final) '!X15 -> 0.9311588 | I15: ='uM (final) '!Y15 -> 1.2967315 | J15: ='uM (final) '!Z15 -> 13.219033 | K15: ='uM (final) '!AA15 -> 0.41255341 | L15: 43410615 | M15: 9986497.9 | N15: 3829.1186 | O15: 2640435.8 | P15: 173492.8 | Q15: 271290.83
A16: 14 | B16: ='uM (final) '!#REF! -> #REF! | C16: ='uM (final) '!U16 -> 0.064452919 | D16: ='uM (final) '!#REF! -> #REF! | E16: ='uM (final) '!V16 -> 0.070643213 | F16: ='uM (final) '!#REF! -> #REF! | G16: ='uM (final) '!W16 -> 1.2524656 | H16: ='uM (final) '!X16 -> 0.94074132 | I16: ='uM (final) '!Y16 -> 1.1671313 | J16: ='uM (final) '!Z16 -> 10.871246 | K16: ='uM (final) '!AA16 -> 0.33484005 | L16: 31649421 | M16: 2822613.4 | N16: 0 | O16: 2435981 | P16: 126165.17 | Q16: 240176.91
A17: 15 | B17: ='uM (final) '!#REF! -> #REF! | C17: ='uM (final) '!U17 -> 0.066418387 | D17: ='uM (final) '!#REF! -> #REF! | E17: ='uM (final) '!V17 -> 0.075484569 | F17: ='uM (final) '!#REF! -> #REF! | G17: ='uM (final) '!W17 -> 1.5284962 | H17: ='uM (final) '!X17 -> 0.96501271 | I17: ='uM (final) '!Y17 -> 1.3399376 | J17: ='uM (final) '!Z17 -> 13.057106 | K17: ='uM (final) '!AA17 -> 0.37869883 | L17: 42177787 | M17: 3357727 | N17: 0 | O17: 2304910.5 | P17: 215242.4 | Q17: 259692.89
A18: 16 | B18: ='uM (final) '!#REF! -> #REF! | C18: ='uM (final) '!U18 -> 0.058157978 | D18: ='uM (final) '!#REF! -> #REF! | E18: ='uM (final) '!V18 -> 0.079158806 | F18: ='uM (final) '!#REF! -> #REF! | G18: ='uM (final) '!W18 -> 0.23128558 | H18: ='uM (final) '!X18 -> 0.92069001 | I18: ='uM (final) '!Y18 -> 3.1006128 | J18: ='uM (final) '!Z18 -> 3.7006379 | K18: ='uM (final) '!AA18 -> 0.42398647 | L18: 2895570.1 | M18: 301277.85 | N18: 0 | O18: 421251.72 | P18: 106350.71 | Q18: 112295.8
A19: 17 | B19: ='uM (final) '!#REF! -> #REF! | C19: ='uM (final) '!U19 -> 0.057143842 | D19: ='uM (final) '!#REF! -> #REF! | E19: ='uM (final) '!V19 -> 0.074806176 | F19: ='uM (final) '!#REF! -> #REF! | G19: ='uM (final) '!W19 -> 0.17608101 | H19: ='uM (final) '!X19 -> 0.92580542 | I19: ='uM (final) '!Y19 -> 2.7918425 | J19: ='uM (final) '!Z19 -> 4.3153543 | K19: ='uM (final) '!AA19 -> 0.3869351 | L19: 3041357 | M19: 149062.73 | N19: 0 | O19: 692702.72 | P19: 61379.669 | Q19: 116588.82
A20: 18 | B20: ='uM (final) '!#REF! -> #REF! | C20: ='uM (final) '!U20 -> 0.057384867 | D20: ='uM (final) '!#REF! -> #REF! | E20: ='uM (final) '!V20 -> 0.076940245 | F20: ='uM (final) '!#REF! -> #REF! | G20: ='uM (final) '!W20 -> 0.20616767 | H20: ='uM (final) '!X20 -> 0.92921995 | I20: ='uM (final) '!Y20 -> 3.1642615 | J20: ='uM (final) '!Z20 -> 6.2747502 | K20: ='uM (final) '!AA20 -> 0.43569943 | L20: 3019195.1 | M20: 287361.01 | N20: 0 | O20: 677165.44 | P20: 112318.5 | Q20: 104811.42
A21: 19 | B21: ='uM (final) '!#REF! -> #REF! | C21: ='uM (final) '!U21 -> 0.065998173 | D21: ='uM (final) '!#REF! -> #REF! | E21: ='uM (final) '!V21 -> 0.073531835 | F21: ='uM (final) '!#REF! -> #REF! | G21: ='uM (final) '!W21 -> 0.21409106 | H21: ='uM (final) '!X21 -> 0.95447629 | I21: ='uM (final) '!Y21 -> 0.90729895 | J21: ='uM (final) '!Z21 -> 12.867424 | K21: ='uM (final) '!AA21 -> 0.44107061 | L21: 41245443 | M21: 157163.17 | N21: 163361.46 | O21: 577412.25 | P21: 112352.82 | Q21: 115966.14
... A74: M24 | B74: ='uM (final) '!#REF! -> #REF! | C74: ='uM (final) '!U74 -> 0.057166311 | D74: ='uM (final) '!#REF! -> #REF! | E74: ='uM (final) '!V74 -> 0.056194925 | F74: ='uM (final) '!#REF! -> #REF! | G74: ='uM (final) '!W74 -> 0.021354066 | H74: ='uM (final) '!X74 -> 0.92069001 | I74: ='uM (final) '!Y74 -> 0.11368458 | J74: ='uM (final) '!Z74 -> 0.061732159 | K74: ='uM (final) '!AA74 -> 0.091238216 | L74: 72326192 | M74: 4.7036037e+08 | N74: 33646815 | O74: 0 | P74: 0 | Q74: 0

Sheet Area (final)
A1: AREA
A2: Filename | B2: Panthothenic_acid_B5 | C2: NAM | D2: Rivoflavin_B2 | E2: NADH | F2: SACH | G2: ADRR | H2: NADP | I2: NMN | J2: NADPH
A3: 1 | B3: 16659759 | C3: 636057.02 | D3: 0 | E3: 21191.292 | F3: 5797.1893 | G3: 111772.93 | H3: 23755.616 | I3: 0 | J3: 0
A4: 2 | B4: 17523720 | C4: 811243.28 | D4: 0 | E4: 61930.218 | F4: 38497.199 | G4: 97758.374 | H4: 22262.885 | I4: 0 | J4: 0
A5: 3 | B5: 19277570 | C5: 1004545.2 | D5: 4414.9022 | E5: 49737.387 | F5: 64495.365 | G5: 100310.81 | H5: 27383.156 | I5: 0 | J5: 996.56109
A6: 4 | B6: 3598273.1 | C6: 206003.08 | D6: 0 | E6: 298466.3 | F6: 6649.3735 | G6: 32193.447 | H6: 21601.385 | I6: 0 | J6: 23887.577
A7: 5 | B7: 3776005.6 | C7: 270496.59 | D7: 0 | E7: 332746.77 | F7: 43870.768 | G7: 46949.288 | H7: 41957.672 | I7: 0 | J7: 37318.4
A8: 6 | B8: 3316158.3 | C8: 242142.74 | D8: 0 | E8: 354257.62 | F8: 4072.8517 | G8: 43420.215 | H8: 22038.204 | I8: 0 | J8: 63092.456
A9: 7 | B9: 18287001 | C9: 217237.09 | D9: 0 | E9: 384514.18 | F9: 3357.2109 | G9: 38908.555 | H9: 26231.475 | I9: 0 | J9: 64267.632
A10: 8 | B10: 21173956 | C10: 463399.36 | D10: 0 | E10: 404488.48 | F10: 8620.4577 | G10: 42385.261 | H10: 29220.541 | I10: 0 | J10: 73870.498
A11: 9 | B11: 21001155 | C11: 234769.04 | D11: 2724.1156 | E11: 475996.19 | F11: 19475.259 | G11: 45065.537 | H11: 35690.199 | I11: 0 | J11: 76761.256
A12: 10 | B12: 17325204 | C12: 2324404.2 | D12: 849349.89 | E12: 421272.28 | F12: 4969.1902 | G12: 74879.587 | H12: 44360.138 | I12: 0 | J12: 77829.453
A13: 11 | B13: 14609645 | C13: 1796839.6 | D13: 554884.18 | E13: 411788.01 | F13: 6192.4536 | G13: 63870.664 | H13: 35585.018 | I13: 0 | J13: 35041.707
A14: 12 | B14: 15307385 | C14: 4887364.1 | D14: 1172735.2 | E14: 521911.84 | F14: 4057.3058 | G14: 100345.93 | H14: 35225.383 | I14: 0 | J14: 85725.867
... A74: M24 | B74: 72326192 | C74: 4.7036037e+08 | D74: 33646815 | E74: 0 | F74: 204879.44 | G74: 0 | H74: 0 | I74: 0 | J74: 0

Sheet uM (final) 
A1: AREA | S1: uM | AF1: nmol/mg | AR1: BCA | AZ1: area | BE1: area/mg protein
A2: Filename | C2: FAD | D2: AceCoA | E2: AMP | F2: NAD | G2: CoA | H2: ADP | I2: ATP | J2: SAM | K2: ADRR | N2: FAD | O2: NAD | P2: ATP | Q2: SAM | S2: Filename | U2: FAD | V2: AceCoA | W2: NAD | X2: CoA | Y2: ADP | Z2: ATP | AA2: SAM | AB2: ADRR | AD2: Filename | AE2: Column1 | AF2: FAD | AG2: AceCoA | AH2: NAD | AI2: CoA | AJ2: ADP | AK2: ATP | AL2: SAM | AM2: ADPR | AP2: Sample ID | AQ2: Mean Protein samples | AR2: Mean without lysis | AS2: Protein Concentration | AT2: Total protein mg | AU2: Avg total protein (mg) | AX2: Sample Name | AY2: Panthothenic_acid_B5 | AZ2: NAM_B3 | BA2: B2 Riboflavin | BC2: Sample Name | BD2: Panthothenic_acid_B5 | BE2: NAM_B3 | BF2: B2
A3: 1 | B3: Fully supplemented 24h | C3: 27735.752 | D3: 43432.029 | E3: 1363676.6 | F3: 5643378.4 | G3: 0 | H3: 2528184.1 | I3: 7049507.3 | J3: 1785793.2 | K3: 111772.93 | M3: Slope, a | N3: ='Calibration curve'!B11 -> 11091136 | O3: ='Calibration curve'!C11 -> 12114770 | P3: ='Calibration curve'!D11 -> 1922070.6 | Q3: ='Calibration curve'!E11 -> 19374853 | S3: 1 | T3: Fully supplemented 24h | U3: =(C3-$N$4)/$N$3 -> 0.058751328 | V3: =(D3-$O$12)/$O$11 -> 0.060636208 | W3: =(F3-$O$4)/$O$3 -> 0.48718037 | X3: 0 | Y3: =(H3-$P$8)/$P$7 -> 0.61557964 | Z3: =(I3-$P$4)/$P$3 -> 3.7292259 | AA3: =(J3-$Q$4)/$Q$3 -> 0.1828412 | AB3: =(K3-$N$19)/$N$18 -> 0.23808333 | AD3: 1 | AE3: Fully supplemented 24h | AF3: =(U3*0.0005*1000) /$AU$3 -> 0.33384651 | AG3: =(V3*0.0005*1000) /$AU3 -> 0.34455709 | AH3: =(W3*0.0005*1000) /$AU3 -> 2.7683368 | AI3: =(X3*0.0005*1000) /$AU3 -> 0 | AJ3: =(Y3*0.0005*1000) /$AU3 -> 3.4979484 | AK3: =(Z3*0.0005*1000) /$AU3 -> 21.190824 | AL3: =(AA3*0.0005*1000) /$AU3 -> 1.0389705 | AM3: =(AB3*0.0005*1000) /$AU3 -> 1.3528764 | AP3: 1 | AQ3: 0.36925 | AR3: 0.23655 | AS3: 0.37279662 | AT3: 0.11183898 | AU3: 0.087991527 | AW3: 1 | AX3: Fully supplemented 24h | AY3: 16659759 | AZ3: 636057.02 | BA3: 0 | BC3: Fully supplemented 24h | BD3: =AY3/$AT3 -> 1.48962e+08 | BE3: =AZ3/$AT3 -> 5687256.7 | BF3: =BA3/$AT3 -> 0
A4: 2 | B4: Fully supplemented 24h | C4: 24368.542 | D4: 45280.559 | E4: 1812859.1 | F4: 5395823.5 | G4: 0 | H4: 2757075.3 | I4: 6458862.9 | J4: 1937765.3 | K4: 97758.374 | M4: Intercept, b | N4: ='Calibration curve'!B12 -> -623883.2 | O4: ='Calibration curve'!C12 -> -258699.6 | P4: ='Calibration curve'!D12 -> -118328.4 | Q4: ='Calibration curve'!E12 -> -1756728.2 | S4: 2 | T4: Fully supplemented 24h | U4: =(C4-$N$4)/$N$3 -> 0.058447733 | V4: =(D4-$O$12)/$O$11 -> 0.060825236 | W4: =(F4-$O$4)/$O$3 -> 0.46674623 | X4: 0 | Y4: =(H4-$P$8)/$P$7 -> 0.66103656 | Z4: =(I4-$P$4)/$P$3 -> 3.4219301 | AA4: =(J4-$Q$4)/$Q$3 -> 0.19068498 | AB4: =(K4-$N$19)/$N$18 -> 0.20499739 | AD4: 2 | AE4: Fully supplemented 24h | AF4: =(U4*0.0005*1000) /$AU$3 -> 0.33212137 | AG4: =(V4*0.0005*1000) /$AU4 -> 0.34563121 | AH4: =(W4*0.0005*1000) /$AU4 -> 2.6522226 | AI4: =(X4*0.0005*1000) /$AU4 -> 0 | AJ4: =(Y4*0.0005*1000) /$AU4 -> 3.7562512 | AK4: =(Z4*0.0005*1000) /$AU4 -> 19.444657 | AL4: =(AA4*0.0005*1000) /$AU4 -> 1.0835417 | AM4: =(AB4*0.0005*1000) /$AU4 -> 1.16487 | AP4: 2 | AQ4: 0.30756666 | AR4: 0.17486667 | AS4: 0.26824859 | AT4: 0.080474576 | AU4: 0.087991527 | AW4: 2 | AX4: Fully supplemented 24h | AY4: 17523720 | AZ4: 811243.28 | BA4: 0 | BC4: Fully supplemented 24h | BD4: =AY4/$AT4 -> 2.1775474e+08 | BE4: =AZ4/$AT4 -> 10080740 | BF4: =BA4/$AT4 -> 0
A5: 3 | B5: Fully supplemented 24h | C5: 31582.57 | D5: 47426.994 | E5: 4330230.9 | F5: 5817777 | G5: 0 | H5: 3393989.2 | I5: 5581503.8 | J5: 1725546 | K5: 100310.81 | S5: 3 | T5: Fully supplemented 24h | U5: =(C5-$N$4)/$N$3 -> 0.059098165 | V5: =(D5-$O$12)/$O$11 -> 0.061044727 | W5: =(F5-$O$4)/$O$3 -> 0.50157591 | X5: 0 | Y5: =(H5-$P$8)/$P$7 -> 0.78752517 | Z5: =(I5-$P$4)/$P$3 -> 2.9654645 | AA5: =(J5-$Q$4)/$Q$3 -> 0.17973164 | AB5: =(K5-$N$19)/$N$18 -> 0.21102325 | AD5: 3 | AE5: Fully supplemented 24h | AF5: =(U5*0.0005*1000) /$AU$3 -> 0.33581736 | AG5: =(V5*0.0005*1000) /$AU5 -> 0.34687844 | AH5: =(W5*0.0005*1000) /$AU5 -> 2.8501376 | AI5: =(X5*0.0005*1000) /$AU5 -> 0 | AJ5: =(Y5*0.0005*1000) /$AU5 -> 4.4750057 | AK5: =(Z5*0.0005*1000) /$AU5 -> 16.850852 | AL5: =(AA5*0.0005*1000) /$AU5 -> 1.0213008 | AM5: =(AB5*0.0005*1000) /$AU5 -> 1.1991112 | AP5: 3 | AQ5: 0.29023333 | AR5: 0.15753334 | AS5: 0.23887006 | AT5: 0.071661019 | AU5: 0.087991527 | AW5: 3 | AX5: Fully supplemented 24h | AY5: 19277570 | AZ5: 1004545.2 | BA5: 4414.9022 | BC5: Fully supplemented 24h | BD5: =AY5/$AT5 -> 2.6901054e+08 | BE5: =AZ5/$AT5 -> 14018015 | BF5: =BA5/$AT5 -> 61608.142
A6: 4 | B6: w/o B2, B3, B5 24h | C6: 14045.648 | D6: 53937.083 | E6: 11624414 | F6: 2530517.3 | G6: 0 | H6: 4295394.3 | I6: 3800643.3 | J6: 1663980.3 | K6: 32193.447 | N6: FMN | O6: CoA | P6: ADP | S6: 4 | T6: w/o B2, B3, B5 24h | U6: =(C6-$N$4)/$N$3 -> 0.057516999 | V6: =(D6-$O$12)/$O$11 -> 0.061710437 | W6: =(F6-$O$4)/$O$3 -> 0.23023277 | X6: 0 | Y6: =(H6-$P$8)/$P$7 -> 0.96654071 | Z6: =(I6-$P$4)/$P$3 -> 2.0389322 | AA6: =(J6-$Q$4)/$Q$3 -> 0.17655404 | AB6: =(K6-$N$19)/$N$18 -> 0.05020997 | AD6: 4 | AE6: w/o B2, B3, B5 24h | AF6: =(U6*0.0005*1000) / $AU$6 -> 0.33595712 | AG6: =(V6*0.0005*1000) /$AU6 -> 0.36045101 | AH6: =(W6*0.0005*1000) /$AU6 -> 1.3447909 | AI6: =(X6*0.0005*1000) /$AU6 -> 0 | AJ6: =(Y6*0.0005*1000) /$AU6 -> 5.6455698 | AK6: =(Z6*0.0005*1000) /$AU6 -> 11.909415 | AL6: =(AA6*0.0005*1000) /$AU6 -> 1.0312531 | AM6: =(AB6*0.0005*1000) /$AU6 -> 0.29327672 | AP6: 4 | AQ6: 0.31936666 | AR6: 0.18666667 | AS6: 0.28824859 | AT6: 0.086474577 | AU6: 0.085601697 | AW6: 4 | AX6: w/o B2, B3, B5 24h | AY6: 3598273.1 | AZ6: 206003.08 | BA6: 0 | BC6: w/o B2, B3, B5 24h | BD6: =AY6/$AT6 -> 41610763 | BE6: =AZ6/$AT6 -> 2382238.7 | BF6: =BA6/$AT6 -> 0
A7: 5 | B7: w/o B2, B3, B5 24h | C7: 20195.583 | D7: 84822.216 | E7: 19253228 | F7: 3596021.2 | G7: 0 | H7: 5841664.1 | I7: 4924612.6 | J7: 2342424.7 | K7: 46949.288 | M7: Slope, m | N7: ='Calibration curve'!B25 -> 11920690 | O7: ='Calibration curve'!C25 -> 722610.98 | P7: ='Calibration curve'!D25 -> 5035345.5 | S7: 5 | T7: w/o B2, B3, B5 24h | U7: =(C7-$N$4)/$N$3 -> 0.05807149 | V7: =(D7-$O$12)/$O$11 -> 0.064868697 | W7: =(F7-$O$4)/$O$3 -> 0.31818358 | X7: 0 | Y7: =(H7-$P$8)/$P$7 -> 1.2736239 | Z7: =(I7-$P$4)/$P$3 -> 2.6237022 | AA7: =(J7-$Q$4)/$Q$3 -> 0.21157078 | AB7: =(K7-$N$19)/$N$18 -> 0.08504595 | AD7: 5 | AE7: w/o B2, B3, B5 24h | AF7: =(U7*0.0005*1000) / $AU$6 -> 0.33919591 | AG7: =(V7*0.0005*1000) /$AU7 -> 0.37889843 | AH7: =(W7*0.0005*1000) /$AU7 -> 1.8585121 | AI7: =(X7*0.0005*1000) /$AU7 -> 0 | AJ7: =(Y7*0.0005*1000) /$AU7 -> 7.4392442 | AK7: =(Z7*0.0005*1000) /$AU7 -> 15.32506 | AL7: =(AA7*0.0005*1000) /$AU7 -> 1.2357862 | AM7: =(AB7*0.0005*1000) /$AU7 -> 0.49675388 | AP7: 5 | AQ7: 0.31593334 | AR7: 0.18323334 | AS7: 0.28242939 | AT7: 0.084728817 | AU7: 0.085601697 | AW7: 5 | AX7: w/o B2, B3, B5 24h | AY7: 3776005.6 | AZ7: 270496.59 | BA7: 0 | BC7: w/o B2, B3, B5 24h | BD7: =AY7/$AT7 -> 44565777 | BE7: =AZ7/$AT7 -> 3192498.1 | BF7: =BA7/$AT7 -> 0
A8: 6 | B8: w/o B2, B3, B5 24h | C8: 8534.5758 | D8: 53556.206 | E8: 19605768 | F8: 2789562.9 | G8: 0 | H8: 4958380.2 | I8: 3246120.2 | J8: 2174675.6 | K8: 43420.215 | M8: Intercept, b | N8: ='Calibration curve'!B26 -> -570892.4 | O8: ='Calibration curve'!C26 -> -665300.71 | P8: ='Calibration curve'!D26 -> -571472.12 | S8: 6 | T8: w/o B2, B3, B5 24h | U8: =(C8-$N$4)/$N$3 -> 0.05702011 | V8: =(D8-$O$12)/$O$11 -> 0.061671489 | W8: =(F8-$O$4)/$O$3 -> 0.25161539 | X8: 0 | Y8: =(H8-$P$8)/$P$7 -> 1.0982071 | Z8: =(I8-$P$4)/$P$3 -> 1.7504292 | AA8: =(J8-$Q$4)/$Q$3 -> 0.2029127 | AB8: =(K8-$N$19)/$N$18 -> 0.076714421 | AD8: 6 | AE8: w/o B2, B3, B5 24h | AF8: =(U8*0.0005*1000) / $AU$6 -> 0.33305479 | AG8: =(V8*0.0005*1000) /$AU8 -> 0.36022352 | AH8: =(W8*0.0005*1000) /$AU8 -> 1.4696869 | AI8: =(X8*0.0005*1000) /$AU8 -> 0 | AJ8: =(Y8*0.0005*1000) /$AU8 -> 6.4146341 | AK8: =(Z8*0.0005*1000) /$AU8 -> 10.224267 | AL8: =(AA8*0.0005*1000) /$AU8 -> 1.1852142 | AM8: =(AB8*0.0005*1000) /$AU8 -> 0.44808937 | AP8: 6 | AQ8: 0.21596666 | AR8: 0.083266666 | AS8: 0.11299435 | AT8: 0.033898305 | AU8: 0.085601697 | AW8: 6 | AX8: w/o B2, B3, B5 24h | AY8: 3316158.3 | AZ8: 242142.74 | BA8: 0 | BC8: w/o B2, B3, B5 24h | BD8: =AY8/$AT8 -> 97826672 | BE8: =AZ8/$AT8 -> 7143210.9 | BF8: =BA8/$AT8 -> 0
A9: 7 | B9: Without B3 24h | C9: 29026.431 | D9: 51875.81 | E9: 522244.75 | F9: 3220476.6 | G9: 0 | H9: 1741403.4 | I9: 7818457.9 | J9: 2514233.7 | K9: 38908.555 | S9: 7 | T9: Without B3 24h | U9: =(C9-$N$4)/$N$3 -> 0.058867698 | V9: =(D9-$O$12)/$O$11 -> 0.061499655 | W9: =(F9-$O$4)/$O$3 -> 0.28718468 | X9: 0 | Y9: =(H9-$P$8)/$P$7 -> 0.45932808 | Z9: =(I9-$P$4)/$P$3 -> 4.1292896 | AA9: =(J9-$Q$4)/$Q$3 -> 0.22043841 | AB9: =(K9-$N$19)/$N$18 -> 0.066063174 | AD9: 7 | AE9: Without B3 24h | AF9: =(U9*0.0005*1000) /$AU$9 -> 0.53212719 | AG9: =(V9*0.0005*1000) /$AU9 -> 0.55591843 | AH9: =(W9*0.0005*1000) /$AU9 -> 2.5959699 | AI9: =(X9*0.0005*1000) /$AU9 -> 0 | AJ9: =(Y9*0.0005*1000) /$AU9 -> 4.1520386 | AK9: =(Z9*0.0005*1000) /$AU9 -> 37.326196 | AL9: =(AA9*0.0005*1000) /$AU9 -> 1.9926254 | AM9: =(AB9*0.0005*1000) /$AU9 -> 0.59716979 | AP9: 7 | AQ9: 0.268 | AR9: 0.1353 | AS9: 0.20118644 | AT9: 0.060355932 | AU9: =AVERAGE(AT11,Table3[[#This Row],[Total protein mg]]) -> 0.05531356 | AW9: 7 | AX9: Without B3 24h | AY9: 18287001 | AZ9: 217237.09 | BA9: 0 | BC9: Without B3 24h | BD9: =AY9/$AT9 -> 3.0298597e+08 | BE9: =AZ9/$AT9 -> 3599266.6 | BF9: =BA9/$AT9 -> 0
A10: 8 | B10: Without B3 24h | C10: 32899.703 | D10: 54251.246 | E10: 595941.21 | F10: 3376189.5 | G10: 0 | H10: 1864806.8 | I10: 7938589.7 | J10: 2422343.7 | K10: 42385.261 | N10: cFMN | O10: AceCoA | P10: AMP | S10: 8 | T10: Without B3 24h | U10: =(C10-$N$4)/$N$3 -> 0.05921692 | V10: =(D10-$O$12)/$O$11 -> 0.061742563 | W10: =(F10-$O$4)/$O$3 -> 0.30003782 | X10: 0 | Y10: =(H10-$P$8)/$P$7 -> 0.48383551 | Z10: =(I10-$P$4)/$P$3 -> 4.1917909 | AA10: =(J10-$Q$4)/$Q$3 -> 0.21569567 | AB10: =(K10-$N$19)/$N$18 -> 0.074271075 | AD10: 8 | AE10: Without B3 24h | AF10: =(U10*0.0005*1000) /$AU$9 -> 0.53528394 | AG10: =(V10*0.0005*1000) /$AU10 -> 0.55811416 | AH10: =(W10*0.0005*1000) /$AU10 -> 2.7121543 | AI10: =(X10*0.0005*1000) /$AU10 -> 0 | AJ10: =(Y10*0.0005*1000) /$AU10 -> 4.3735705 | AK10: =(Z10*0.0005*1000) /$AU10 -> 37.891168 | AL10: =(AA10*0.0005*1000) /$AU10 -> 1.949754 | AM10: =(AB10*0.0005*1000) /$AU10 -> 0.67136408 | AP10: 8 | AQ10: 0.36406667 | AR10: 0.23136667 | AS10: 0.36401131 | AT10: 0.10920339 | AU10: 0.05531356 | AW10: 8 | AX10: Without B3 24h | AY10: 21173956 | AZ10: 463399.36 | BA10: 0 | BC10: Without B3 24h | BD10: =AY10/$AT10 -> 1.9389467e+08 | BE10: =AZ10/$AT10 -> 4243452 | BF10: =BA10/$AT10 -> 0
A11: 9 | B11: Without B3 24h | C11: 30980.766 | D11: 51274.573 | E11: 841256.7 | F11: 3480991.9 | G11: 0 | H11: 1955867.1 | I11: 8574294.7 | J11: 2505768.6 | K11: 45065.537 | M11: Slope, m | N11: ='Calibration curve'!B39 -> 20131434 | O11: ='Calibration curve'!C39 -> 9779161 | P11: ='Calibration curve'!D39 -> 20509113 | S11: 9 | T11: Without B3 24h | U11: =(C11-$N$4)/$N$3 -> 0.059043905 | V11: =(D11-$O$12)/$O$11 -> 0.061438173 | W11: =(F11-$O$4)/$O$3 -> 0.30868862 | X11: 0 | Y11: =(H11-$P$8)/$P$7 -> 0.50191972 | Z11: =(I11-$P$4)/$P$3 -> 4.5225305 | AA11: =(J11-$Q$4)/$Q$3 -> 0.2200015 | AB11: =(K11-$N$19)/$N$18 -> 0.080598742 | AD11: 9 | AE11: Without B3 24h | AF11: =(U11*0.0005*1000) /$AU$9 -> 0.53371999 | AG11: =(V11*0.0005*1000) /$AU11 -> 0.55536267 | AH11: =(W11*0.0005*1000) /$AU11 -> 2.7903521 | AI11: =(X11*0.0005*1000) /$AU11 -> 0 | AJ11: =(Y11*0.0005*1000) /$AU11 -> 4.5370404 | AK11: =(Z11*0.0005*1000) /$AU11 -> 40.880848 | AL11: =(AA11*0.0005*1000) /$AU11 -> 1.988676 | AM11: =(AB11*0.0005*1000) /$AU11 -> 0.72856224 | AP11: 9 | AQ11: 0.24816667 | AR11: 0.11546667 | AS11: 0.16757063 | AT11: 0.050271188 | AU11: 0.05531356 | AW11: 9 | AX11: Without B3 24h | AY11: 21001155 | AZ11: 234769.04 | BA11: 2724.1156 | BC11: Without B3 24h | BD11: =AY11/$AT11 -> 4.1775728e+08 | BE11: =AZ11/$AT11 -> 4670051.6 | BF11: =BA11/$AT11 -> 54188.407
A12: 10 | B12: Without B5 24h | C12: 26245.796 | D12: 42067.048 | E12: 523529.95 | F12: 6242309 | G12: 0 | H12: 1883084.9 | I12: 7054215.2 | J12: 2737751.4 | K12: 74879.587 | M12: Intercept, b | N12: ='Calibration curve'!B40 -> 2979154.4 | O12: ='Calibration curve'!C40 -> -549539.21 | P12: ='Calibration curve'!D40 -> 4378658.7 | S12: 10 | T12: Without B5 24h | U12: =(C12-$N$4)/$N$3 -> 0.05861699 | V12: =(D12-$O$12)/$O$11 -> 0.060496628 | W12: =(F12-$O$4)/$O$3 -> 0.53661842 | X12: 0 | Y12: =(H12-$P$8)/$P$7 -> 0.48746546 | Z12: =(I12-$P$4)/$P$3 -> 3.7316753 | AA12: =(J12-$Q$4)/$Q$3 -> 0.2319749 | AB12: =(K12-$N$19)/$N$18 -> 0.15098454 | AD12: 10 | AE12: Without B5 24h | AF12: =(U12*0.0005*1000) /$AU$12 -> 0.28349884 | AG12: =(V12*0.0005*1000) /$AU12 -> 0.29258963 | AH12: =(W12*0.0005*1000) /$AU12 -> 2.5953345 | AI12: =(X12*0.0005*1000) /$AU12 -> 0 | AJ12: =(Y12*0.0005*1000) /$AU12 -> 2.3576081 | AK12: =(Z12*0.0005*1000) /$AU12 -> 18.048106 | AL12: =(AA12*0.0005*1000) /$AU12 -> 1.1219378 | AM12: =(AB12*0.0005*1000) /$AU12 -> 0.73023098 | AP12: 10 | AQ12: 0.2227 | AR12: 0.090000004 | AS12: 0.12440679 | AT12: 0.037322036 | AU12: 0.10338136 | AW12: 10 | AX12: Without B5 24h | AY12: 17325204 | AZ12: 2324404.2 | BA12: 849349.89 | BC12: Without B5 24h | BD12: =AY12/$AT12 -> 4.6420845e+08 | BE12: =AZ12/$AT12 -> 62279673 | BF12: =BA12/$AT12 -> 22757330
A13: 11 | B13: Without B5 24h | C13: 25975.377 | D13: 49825.874 | E13: 471835.41 | F13: 5535945.6 | G13: 0 | H13: 1613109.2 | I13: 6606827.8 | J13: 2319708.7 | K13: 63870.664 | S13: 11 | T13: Without B5 24h | U13: =(C13-$N$4)/$N$3 -> 0.058592609 | V13: =(D13-$O$12)/$O$11 -> 0.061290032 | W13: =(F13-$O$4)/$O$3 -> 0.47831245 | X13: 0 | Y13: =(H13-$P$8)/$P$7 -> 0.43384934 | Z13: =(I13-$P$4)/$P$3 -> 3.4989121 | AA13: =(J13-$Q$4)/$Q$3 -> 0.21039834 | AB13: =(K13-$N$19)/$N$18 -> 0.12499438 | AD13: 11 | AE13: Without B5 24h | AF13: =(U13*0.0005*1000) /$AU$12 -> 0.28338092 | AG13: =(V13*0.0005*1000) /$AU13 -> 0.2964269 | AH13: =(W13*0.0005*1000) /$AU13 -> 2.3133399 | AI13: =(X13*0.0005*1000) /$AU13 -> 0 | AJ13: =(Y13*0.0005*1000) /$AU13 -> 2.0982958 | AK13: =(Z13*0.0005*1000) /$AU13 -> 16.922355 | AL13: =(AA13*0.0005*1000) /$AU13 -> 1.0175835 | AM13: =(AB13*0.0005*1000) /$AU13 -> 0.60453058 | AP13: 11 | AQ13: 0.34586666 | AR13: 0.21316666 | AS13: 0.33316384 | AT13: 0.099949151 | AU13: 0.10338136 | AW13: 11 | AX13: Without B5 24h | AY13: 14609645 | AZ13: 1796839.6 | BA13: 554884.18 | BC13: Without B5 24h | BD13: =AY13/$AT13 -> 1.4617078e+08 | BE13: =AZ13/$AT13 -> 17977537 | BF13: =BA13/$AT13 -> 5551664.8
A14: 12 | B14: Without B5 24h | C14: 24707.941 | D14: 60967.033 | E14: 649339.44 | F14: 6309735.8 | G14: 0 | H14: 1750340.3 | I14: 6929833.9 | J14: 2558995.6 | K14: 100345.93 | N14: Y+mX+b | O14: y = ax + b | S14: 12 | T14: Without B5 24h | U14: =(C14-$N$4)/$N$3 -> 0.058478334 | V14: =(D14-$O$12)/$O$11 -> 0.062429307 | W14: =(F14-$O$4)/$O$3 -> 0.5421841 | X14: 0 | Y14: =(H14-$P$8)/$P$7 -> 0.46110291 | Z14: =(I14-$P$4)/$P$3 -> 3.6669632 | AA14: =(J14-$Q$4)/$Q$3 -> 0.22274872 | AB14: =(K14-$N$19)/$N$18 -> 0.21110617 | AD14: 12 | AE14: Without B5 24h | AF14: =(U14*0.0005*1000) /$AU$12 -> 0.28282823 | AG14: =(V14*0.0005*1000) /$AU14 -> 0.30193697 | AH14: =(W14*0.0005*1000) /$AU14 -> 2.6222527 | AI14: =(X14*0.0005*1000) /$AU14 -> 0 | AJ14: =(Y14*0.0005*1000) /$AU14 -> 2.2301067 | AK14: =(Z14*0.0005*1000) /$AU14 -> 17.735128 | AL14: =(AA14*0.0005*1000) /$AU14 -> 1.0773157 | AM14: =(AB14*0.0005*1000) /$AU14 -> 1.0210069 | AP14: 12 | AQ14: 0.35936668 | AR14: 0.22666668 | AS14: 0.35604522 | AT14: 0.10681357 | AU14: 0.10338136 | AW14: 12 | AX14: Without B5 24h | AY14: 15307385 | AZ14: 4887364.1 | BA14: 1172735.2 | BC14: Without B5 24h | BD14: =AY14/$AT14 -> 1.4330937e+08 | BE14: =AZ14/$AT14 -> 45756024 | BF14: =BA14/$AT14 -> 10979272
A15: 13 | B15: Fully supplemented 72h | C15: 105102.99 | D15: 145274.83 | E15: 2964461.2 | F15: 17329017 | G15: 7564.8613 | H15: 5958019 | I15: 25289587 | J15: 6236433.5 | K15: 167275.31 | N15: X=(Y-b)/m | O15: x = (y-b)/a | S15: 13 | T15: Fully supplemented 72h | U15: =(C15-$N$4)/$N$3 -> 0.06572692 | V15: =(D15-$O$12)/$O$11 -> 0.071050476 | W15: =(F15-$O$4)/$O$3 -> 1.4517582 | X15: =(G15-$O$8)/$O$7 -> 0.9311588 | Y15: =(H15-$P$8)/$P$7 -> 1.2967315 | Z15: =(I15-$P$4)/$P$3 -> 13.219033 | AA15: =(J15-$Q$4)/$Q$3 -> 0.41255341 | AB15: =(K15-$N$19)/$N$18 -> 0.36911481 | AD15: 13 | AE15: Fully supplemented 72h | AF15: =(U15*0.0005*1000) /$AU$15 -> 0.28693925 | AG15: =(V15*0.0005*1000) /$AU15 -> 0.31017991 | AH15: =(W15*0.0005*1000) /$AU15 -> 6.3378355 | AI15: =(X15*0.0005*1000) /$AU15 -> 4.0650925 | AJ15: =(Y15*0.0005*1000) /$AU15 -> 5.6610467 | AK15: =(Z15*0.0005*1000) /$AU15 -> 57.709375 | AL15: =(AA15*0.0005*1000) /$AU15 -> 1.8010545 | AM15: =(AB15*0.0005*1000) /$AU15 -> 1.6114178 | AP15: 13 | AQ15: 0.38839999 | AR15: 0.25569999 | AS15: 0.40525422 | AT15: 0.12157627 | AU15: 0.11453107 | AW15: 13 | AX15: Fully supplemented 72h | AY15: 43410615 | AZ15: 9986497.9 | BA15: 3829.1186 | BC15: Fully supplemented 72h | BD15: =AY15/$AT15 -> 3.5706487e+08 | BE15: =AZ15/$AT15 -> 82141837 | BF15: =BA15/$AT15 -> 31495.61
A16: 14 | B16: Fully supplemented 72h | C16: 90972.873 | D16: 141292.13 | E16: 3005698.3 | F16: 14914633 | G16: 14489.302 | H16: 5305437.2 | I16: 20776974 | J16: 4730748.6 | K16: 164340.5 | S16: 14 | T16: Fully supplemented 72h | U16: =(C16-$N$4)/$N$3 -> 0.064452919 | V16: =(D16-$O$12)/$O$11 -> 0.070643213 | W16: =(F16-$O$4)/$O$3 -> 1.2524656 | X16: =(G16-$O$8)/$O$7 -> 0.94074132 | Y16: =(H16-$P$8)/$P$7 -> 1.1671313 | Z16: =(I16-$P$4)/$P$3 -> 10.871246 | AA16: =(J16-$Q$4)/$Q$3 -> 0.33484005 | AB16: =(K16-$N$19)/$N$18 -> 0.36218625 | AD16: 14 | AE16: Fully supplemented 72h | AF16: =(U16*0.0005*1000) /$AU$15 -> 0.28137744 | AG16: =(V16*0.0005*1000) /$AU16 -> 0.30840195 | AH16: =(W16*0.0005*1000) /$AU16 -> 5.4677983 | AI16: =(X16*0.0005*1000) /$AU16 -> 4.1069262 | AJ16: =(Y16*0.0005*1000) /$AU16 -> 5.0952605 | AK16: =(Z16*0.0005*1000) /$AU16 -> 47.45981 | AL16: =(AA16*0.0005*1000) /$AU16 -> 1.4617869 | AM16: =(AB16*0.0005*1000) /$AU16 -> 1.5811702 | AP16: 14 | AQ16: 0.35729999 | AR16: 0.2246 | AS16: 0.35254237 | AT16: 0.10576271 | AU16: 0.11453107 | AW16: 14 | AX16: Fully supplemented 72h | AY16: 31649421 | AZ16: 2822613.4 | BA16: 0 | BC16: Fully supplemented 72h | BD16: =AY16/$AT16 -> 2.9924933e+08 | BE16: =AZ16/$AT16 -> 26688172 | BF16: =BA16/$AT16 -> 0
A17: 15 | B17: Fully supplemented 72h | C17: 112772.15 | D17: 188636.54 | E17: 3901031 | F17: 18258680 | G17: 32028.068 | H17: 6175576.8 | I17: 24978352 | J17: 5580506.1 | K17: 167511.87 | N17: ADRR | S17: 15 | T17: Fully supplemented 72h | U17: =(C17-$N$4)/$N$3 -> 0.066418387 | V17: =(D17-$O$12)/$O$11 -> 0.075484569 | W17: =(F17-$O$4)/$O$3 -> 1.5284962 | X17: =(G17-$O$8)/$O$7 -> 0.96501271 | Y17: =(H17-$P$8)/$P$7 -> 1.3399376 | Z17: =(I17-$P$4)/$P$3 -> 13.057106 | AA17: =(J17-$Q$4)/$Q$3 -> 0.37869883 | AB17: =(K17-$N$19)/$N$18 -> 0.36967329 | AD17: 15 | AE17: Fully supplemented 72h | AF17: =(U17*0.0005*1000) /$AU$15 -> 0.28995794 | AG17: =(V17*0.0005*1000) /$AU17 -> 0.32953751 | AH17: =(W17*0.0005*1000) /$AU17 -> 6.6728452 | AI17: =(X17*0.0005*1000) /$AU17 -> 4.212886 | AJ17: =(Y17*0.0005*1000) /$AU17 -> 5.8496686 | AK17: =(Z17*0.0005*1000) /$AU17 -> 57.002461 | AL17: =(AA17*0.0005*1000) /$AU17 -> 1.653258 | AM17: =(AB17*0.0005*1000) /$AU17 -> 1.6138559 | AP17: 15 | AQ17: 0.37793333 | AR17: 0.24523334 | AS17: 0.38751413 | AT17: 0.11625424 | AU17: 0.11453107 | AW17: 15 | AX17: Fully supplemented 72h | AY17: 42177787 | AZ17: 3357727 | BA17: 0 | BC17: Fully supplemented 72h | BD17: =AY17/$AT17 -> 3.6280644e+08 | BE17: =AZ17/$AT17 -> 28882620 | BF17: =BA17/$AT17 -> 0
A18: 16 | B18: w/o B2, B3, B5 72h | C18: 21154.834 | D18: 224567.49 | E18: 89950659 | F18: 2543271.9 | G18: 0 | H18: 15041185 | I18: 6994559 | J18: 6457947.5 | K18: 28312.309 | M18: Slope, m | N18: ='Calibration curve'!B54 -> 423580.47 | S18: 16 | T18: w/o B2, B3, B5 72h | U18: =(C18-$N$4)/$N$3 -> 0.058157978 | V18: =(D18-$O$12)/$O$11 -> 0.079158806 | W18: =(F18-$O$4)/$O$3 -> 0.23128558 | X18: =(G18-$O$8)/$O$7 -> 0.92069001 | Y18: =(H18-$P$8)/$P$7 -> 3.1006128 | Z18: =(I18-$P$4)/$P$3 -> 3.7006379 | AA18: =(J18-$Q$4)/$Q$3 -> 0.42398647 | AB18: =(K18-$N$19)/$N$18 -> 0.041047276 | AD18: 16 | AE18: w/o B2, B3, B5 72h | AF18: =(U18*0.0005*1000) /$AU$18 -> 0.30518713 | AG18: =(V18*0.0005*1000) /$AU18 -> 0.41539011 | AH18: =(W18*0.0005*1000) /$AU18 -> 1.2136836 | AI18: =(X18*0.0005*1000) /$AU18 -> 4.8313705 | AJ18: =(Y18*0.0005*1000) /$AU18 -> 16.270633 | AK18: =(Z18*0.0005*1000) /$AU18 -> 19.419297 | AL18: =(AA18*0.0005*1000) /$AU18 -> 2.2248919 | AM18: =(AB18*0.0005*1000) /$AU18 -> 0.2153978 | AP18: 16 | AQ18: 0.3617 | AR18: 0.229 | AS18: 0.36 | AT18: 0.108 | AU18: 0.095282488 | AW18: 16 | AX18: w/o B2, B3, B5 72h | AY18: 2895570.1 | AZ18: 301277.85 | BA18: 0 | BC18: w/o B2, B3, B5 72h | BD18: =AY18/$AT18 -> 26810834 | BE18: =AZ18/$AT18 -> 2789609.7 | BF18: =BA18/$AT18 -> 0
A19: 17 | B19: w/o B2, B3, B5 72h | C19: 9906.9122 | D19: 182002.42 | E19: 55929836 | F19: 1874481.3 | G19: 3696.4525 | H19: 13486419 | I19: 8176087.5 | J19: 5740082.6 | K19: 29621.347 | M19: Intercept, b | N19: ='Calibration curve'!B55 -> 10925.484 | S19: 17 | T19: w/o B2, B3, B5 72h | U19: =(C19-$N$4)/$N$3 -> 0.057143842 | V19: =(D19-$O$12)/$O$11 -> 0.074806176 | W19: =(F19-$O$4)/$O$3 -> 0.17608101 | X19: =(G19-$O$8)/$O$7 -> 0.92580542 | Y19: =(H19-$P$8)/$P$7 -> 2.7918425 | Z19: =(I19-$P$4)/$P$3 -> 4.3153543 | AA19: =(J19-$Q$4)/$Q$3 -> 0.3869351 | AB19: =(K19-$N$19)/$N$18 -> 0.044137688 | AD19: 17 | AE19: w/o B2, B3, B5 72h | AF19: =(U19*0.0005*1000) /$AU$18 -> 0.2998654 | AG19: =(V19*0.0005*1000) /$AU19 -> 0.39254945 | AH19: =(W19*0.0005*1000) /$AU19 -> 0.92399461 | AI19: =(X19*0.0005*1000) /$AU19 -> 4.8582139 | AJ19: =(Y19*0.0005*1000) /$AU19 -> 14.650344 | AK19: =(Z19*0.0005*1000) /$AU19 -> 22.645055 | AL19: =(AA19*0.0005*1000) /$AU19 -> 2.0304628 | AM19: =(AB19*0.0005*1000) /$AU19 -> 0.2316149 | AP19: 17 | AQ19: 0.33179999 | AR19: 0.1991 | AS19: 0.30932203 | AT19: 0.092796609 | AU19: 0.095282488 | AW19: 17 | AX19: w/o B2, B3, B5 72h | AY19: 3041357 | AZ19: 149062.73 | BA19: 0 | BC19: w/o B2, B3, B5 72h | BD19: =AY19/$AT19 -> 32774442 | BE19: =AZ19/$AT19 -> 1606338.1 | BF19: =BA19/$AT19 -> 0
A20: 18 | B20: w/o B2, B3, B5 72h | C20: 12580.15 | D20: 202871.83 | E20: 53428191 | F20: 2238974.3 | G20: 6163.8311 | H20: 15361678 | I20: 11942185 | J20: 6684884.3 | K20: 23409.427 | S20: 18 | T20: w/o B2, B3, B5 72h | U20: =(C20-$N$4)/$N$3 -> 0.057384867 | V20: =(D20-$O$12)/$O$11 -> 0.076940245 | W20: =(F20-$O$4)/$O$3 -> 0.20616767 | X20: =(G20-$O$8)/$O$7 -> 0.92921995 | Y20: =(H20-$P$8)/$P$7 -> 3.1642615 | Z20: =(I20-$P$4)/$P$3 -> 6.2747502 | AA20: =(J20-$Q$4)/$Q$3 -> 0.43569943 | AB20: =(K20-$N$19)/$N$18 -> 0.029472423 | AD20: 18 | AE20: w/o B2, B3, B5 72h | AF20: =(U20*0.0005*1000) /$AU$18 -> 0.30113019 | AG20: =(V20*0.0005*1000) /$AU20 -> 0.40374809 | AH20: =(W20*0.0005*1000) /$AU20 -> 1.081876 | AI20: =(X20*0.0005*1000) /$AU20 -> 4.8761319 | AJ20: =(Y20*0.0005*1000) /$AU20 -> 16.604633 | AK20: =(Z20*0.0005*1000) /$AU20 -> 32.927091 | AL20: =(AA20*0.0005*1000) /$AU20 -> 2.2863563 | AM20: =(AB20*0.0005*1000) /$AU20 -> 0.15465813 | AP20: 18 | AQ20: 0.31656668 | AR20: 0.18386668 | AS20: 0.28350285 | AT20: 0.085050854 | AU20: 0.095282488 | AW20: 18 | AX20: w/o B2, B3, B5 72h | AY20: 3019195.1 | AZ20: 287361.01 | BA20: 0 | BC20: w/o B2, B3, B5 72h | BD20: =AY20/$AT20 -> 35498704 | BE20: =AZ20/$AT20 -> 3378696.4 | BF20: =BA20/$AT20 -> 0
A21: 19 | B21: Without B3 72h | C21: 108111.5 | D21: 169540.44 | E21: 2284815.4 | F21: 2334964.3 | G21: 24414.342 | H21: 3997091.6 | I21: 24613770 | J21: 6788950.1 | K21: 30100.693 | S21: 19 | T21: Without B3 72h | U21: =(C21-$N$4)/$N$3 -> 0.065998173 | V21: =(D21-$O$12)/$O$11 -> 0.073531835 | W21: =(F21-$O$4)/$O$3 -> 0.21409106 | X21: =(G21-$O$8)/$O$7 -> 0.95447629 | Y21: =(H21-$P$8)/$P$7 -> 0.90729895 | Z21: =(I21-$P$4)/$P$3 -> 12.867424 | AA21: =(J21-$Q$4)/$Q$3 -> 0.44107061 | AB21: =(K21-$N$19)/$N$18 -> 0.04526934 | AD21: 19 | AE21: Without B3 72h | AF21: =(U21*0.0005*1000) /$AU$21 -> 0.26321939 | AG21: =(V21*0.0005*1000) /$AU21 -> 0.29326576 | AH21: =(W21*0.0005*1000) /$AU21 -> 0.85385573 | AI21: =(X21*0.0005*1000) /$AU21 -> 3.8067215 | AJ21: =(Y21*0.0005*1000) /$AU21 -> 3.6185649 | AK21: =(Z21*0.0005*1000) /$AU21 -> 51.318928 | AL21: =(AA21*0.0005*1000) /$AU21 -> 1.7591144 | AM21: =(AB21*0.0005*1000) /$AU21 -> 0.18054694 | AP21: 19 | AQ21: 0.41043333 | AR21: 0.27773334 | AS21: 0.44259887 | AT21: 0.13277966 | AU21: 0.12536723 | AW21: 19 | AX21: Without B3 72h | AY21: 41245443 | AZ21: 157163.17 | BA21: 163361.46 | BC21: Without B3 72h | BD21: =AY21/$AT21 -> 3.1063073e+08 | BE21: =AZ21/$AT21 -> 1183638.9 | BF21: =BA21/$AT21 -> 1230319.9
A22: 20 | B22: Without B3 72h | C22: 122644.28 | D22: 185212.32 | E22: 1859867.5 | F22: 2413334.4 | G22: 28521.261 | H22: 4030649 | I22: 23942162 | J22: 7018329.7 | K22: 23835.545 | S22: 20 | T22: Without B3 72h | U22: =(C22-$N$4)/$N$3 -> 0.067308479 | V22: =(D22-$O$12)/$O$11 -> 0.075134414 | W22: =(F22-$O$4)/$O$3 -> 0.22056003 | X22: =(G22-$O$8)/$O$7 -> 0.96015974 | Y22: =(H22-$P$8)/$P$7 -> 0.91396332 | Z22: =(I22-$P$4)/$P$3 -> 12.518006 | AA22: =(J22-$Q$4)/$Q$3 -> 0.45290965 | AB22: =(K22-$N$19)/$N$18 -> 0.030478413 | AD22: 20 | AE22: Without B3 72h | AF22: =(U22*0.0005*1000) /$AU$21 -> 0.26844526 | AG22: =(V22*0.0005*1000) /$AU22 -> 0.2996573 | AH22: =(W22*0.0005*1000) /$AU22 -> 0.87965581 | AI22: =(X22*0.0005*1000) /$AU22 -> 3.8293887 | AJ22: =(Y22*0.0005*1000) /$AU22 -> 3.6451443 | AK22: =(Z22*0.0005*1000) /$AU22 -> 49.925348 | AL22: =(AA22*0.0005*1000) /$AU22 -> 1.8063318 | AM22: =(AB22*0.0005*1000) /$AU22 -> 0.12155654 | AP22: 20 | AQ22: 0.38776666 | AR22: 0.25506666 | AS22: 0.40418078 | AT22: 0.12125424 | AU22: 0.12536723 | AW22: 20 | AX22: Without B3 72h | AY22: 46959577 | AZ22: 294774.84 | BA22: 85931.502 | BC22: Without B3 72h | BD22: =AY22/$AT22 -> 3.8728195e+08 | BE22: =AZ22/$AT22 -> 2431047.7 | BF22: =BA22/$AT22 -> 708688.67
A23: 21 | B23: Without B3 72h | C23: 110561.14 | D23: 181199.31 | E23: 2332005 | F23: 2392320.1 | G23: 5168.5142 | H23: 3827055.9 | I23: 24472699 | J23: 6454376.1 | K23: 22298.426 | S23: 21 | T23: Without B3 72h | U23: =(C23-$N$4)/$N$3 -> 0.066219038 | V23: =(D23-$O$12)/$O$11 -> 0.074724051 | W23: =(F23-$O$4)/$O$3 -> 0.21882543 | X23: =(G23-$O$8)/$O$7 -> 0.92784256 | Y23: =(H23-$P$8)/$P$7 -> 0.87353053 | Z23: =(I23-$P$4)/$P$3 -> 12.794029 | AA23: =(J23-$Q$4)/$Q$3 -> 0.42380214 | AB23: =(K23-$N$19)/$N$18 -> 0.026849543 | AD23: 21 | AE23: Without B3 72h | AF23: =(U23*0.0005*1000) /$AU$21 -> 0.26410026 | AG23: =(V23*0.0005*1000) /$AU23 -> 0.29802066 | AH23: =(W23*0.0005*1000) /$AU23 -> 0.87273775 | AI23: =(X23*0.0005*1000) /$AU23 -> 3.7004987 | AJ23: =(Y23*0.0005*1000) /$AU23 -> 3.4838869 | AK23: =(Z23*0.0005*1000) /$AU23 -> 51.026207 | AL23: =(AA23*0.0005*1000) /$AU23 -> 1.6902428 | AM23: =(AB23*0.0005*1000) /$AU23 -> 0.10708357 | AP23: 21 | AQ23: 0.38936668 | AR23: 0.25666668 | AS23: 0.40689268 | AT23: 0.1220678 | AU23: 0.12536723 | AW23: 21 | AX23: Without B3 72h | AY23: 45194861 | AZ23: 296319.07 | BA23: 126519.68 | BC23: Without B3 72h | BD23: =AY23/$AT23 -> 3.7024391e+08 | BE23: =AZ23/$AT23 -> 2427495.7 | BF23: =BA23/$AT23 -> 1036470.5
A24: 22 | B24: Without B5 72h | C24: 99033.798 | D24: 160876.7 | E24: 1793605.6 | F24: 16486025 | G24: 4928.0404 | H24: 3822466.8 | I24: 20892105 | J24: 5978117.5 | K24: 181100.44 | N24: n = c * V | S24: 22 | T24: Without B5 72h | U24: =(C24-$N$4)/$N$3 -> 0.065179709 | V24: =(D24-$O$12)/$O$11 -> 0.072645896 | W24: =(F24-$O$4)/$O$3 -> 1.3821744 | X24: =(G24-$O$8)/$O$7 -> 0.92750978 | Y24: =(H24-$P$8)/$P$7 -> 0.87261915 | Z24: =(I24-$P$4)/$P$3 -> 10.931145 | AA24: =(J24-$Q$4)/$Q$3 -> 0.39922087 | AB24: =(K24-$N$19)/$N$18 -> 0.40175353 | AD24: 22 | AE24: Without B5 72h | AF24: =(U24*0.0005*1000) /$AU$24 -> 0.26414828 | AG24: =(V24*0.0005*1000) /$AU24 -> 0.29440586 | AH24: =(W24*0.0005*1000) /$AU24 -> 5.6014209 | AI24: =(X24*0.0005*1000) /$AU24 -> 3.7588402 | AJ24: =(Y24*0.0005*1000) /$AU24 -> 3.5363896 | AK24: =(Z24*0.0005*1000) /$AU24 -> 44.299725 | AL24: =(AA24*0.0005*1000) /$AU24 -> 1.6178886 | AM24: =(AB24*0.0005*1000) /$AU24 -> 1.6281525 | AP24: 22 | AQ24: 0.40373333 | AR24: 0.27103334 | AS24: 0.43124294 | AT24: 0.12937288 | AU24: 0.12337712 | AW24: 22 | AX24: Without B5 72h | AY24: 28089550 | AZ24: 11150320 | BA24: 1507239.9 | BC24: Without B5 72h | BD24: =AY24/$AT24 -> 2.1712085e+08 | BE24: =AZ24/$AT24 -> 86187456 | BF24: =BA24/$AT24 -> 11650354
A25: 23 | B25: Without B5 72h | C25: 98147.103 | D25: 160192.15 | E25: 1392471.1 | F25: 16401016 | G25: 13347.359 | H25: 3221538.8 | I25: 18524314 | J25: 4893850.1 | K25: 162739.2 | S25: 23 | T25: Without B5 72h | U25: =(C25-$N$4)/$N$3 -> 0.065099762 | V25: =(D25-$O$12)/$O$11 -> 0.072575895 | W25: =(F25-$O$4)/$O$3 -> 1.3751574 | X25: =(G25-$O$8)/$O$7 -> 0.93916102 | Y25: =(H25-$P$8)/$P$7 -> 0.75327719 | Z25: =(I25-$P$4)/$P$3 -> 9.6992491 | AA25: =(J25-$Q$4)/$Q$3 -> 0.34325825 | AB25: =(K25-$N$19)/$N$18 -> 0.35840585 | AD25: 23 | AE25: Without B5 72h | AF25: =(U25*0.0005*1000) /$AU$24 -> 0.26382429 | AG25: =(V25*0.0005*1000) /$AU25 -> 0.29412218 | AH25: =(W25*0.0005*1000) /$AU25 -> 5.5729839 | AI25: =(X25*0.0005*1000) /$AU25 -> 3.8060582 | AJ25: =(Y25*0.0005*1000) /$AU25 -> 3.0527426 | AK25: =(Z25*0.0005*1000) /$AU25 -> 39.307325 | AL25: =(AA25*0.0005*1000) /$AU25 -> 1.3910936 | AM25: =(AB25*0.0005*1000) /$AU25 -> 1.452481 | AP25: 23 | AQ25: 0.32826667 | AR25: 0.19556667 | AS25: 0.30333335 | AT25: 0.091000004 | AU25: 0.12337712 | AW25: 23 | AX25: Without B5 72h | AY25: 25434520 | AZ25: 6749522.6 | BA25: 856278.62 | BC25: Without B5 72h | BD25: =AY25/$AT25 -> 2.7950021e+08 | BE25: =AZ25/$AT25 -> 74170575 | BF25: =BA25/$AT25 -> 9409654.8
A26: 24 | B26: Without B5 72h | C26: 89217.496 | D26: 157595.52 | E26: 1400621.4 | F26: 15628126 | G26: 4185.565 | H26: 3027652.9 | I26: 19379937 | J26: 4837840.5 | K26: 147759.98 | N26: c = n/V | S26: 24 | T26: Without B5 72h | U26: =(C26-$N$4)/$N$3 -> 0.06429465 | V26: =(D26-$O$12)/$O$11 -> 0.072310369 | W26: =(F26-$O$4)/$O$3 -> 1.3113601 | X26: =(G26-$O$8)/$O$7 -> 0.92648229 | Y26: =(H26-$P$8)/$P$7 -> 0.71477221 | Z26: =(I26-$P$4)/$P$3 -> 10.144406 | AA26: =(J26-$Q$4)/$Q$3 -> 0.34036742 | AB26: =(K26-$N$19)/$N$18 -> 0.32304251 | AD26: 24 | AE26: Without B5 72h | AF26: =(U26*0.0005*1000) /$AU$24 -> 0.26056148 | AG26: =(V26*0.0005*1000) /$AU26 -> 0.2930461 | AH26: =(W26*0.0005*1000) /$AU26 -> 5.314438 | AI26: =(X26*0.0005*1000) /$AU26 -> 3.7546762 | AJ26: =(Y26*0.0005*1000) /$AU26 -> 2.8966967 | AK26: =(Z26*0.0005*1000) /$AU26 -> 41.111376 | AL26: =(AA26*0.0005*1000) /$AU26 -> 1.3793782 | AM26: =(AB26*0.0005*1000) /$AU26 -> 1.309167 | AP26: 24 | AQ26: 0.38015001 | AR26: 0.24745001 | AS26: 0.3912712 | AT26: 0.11738136 | AU26: 0.12337712 | AW26: 24 | AX26: Without B5 72h | AY26: 25814753 | AZ26: 19574207 | BA26: 997443.33 | BC26: Without B5 72h | BD26: =AY26/$AT26 -> 2.1992208e+08 | BE26: =AZ26/$AT26 -> 1.6675737e+08 | BF26: =BA26/$AT26 -> 8497459.3
A27: C1 | B27: Fully supplemented 24h (concentrated) | C27: 222909.9 | D27: 266725.04 | E27: 7426321.6 | F27: 28422472 | G27: 102727.61 | H27: 15489628 | I27: 18877417 | J27: 7552653.3 | K27: 516245.9 | S27: C1 | T27: Fully supplemented 24h (concentrated) | U27: =(C27-$N$4)/$N$3 -> 0.076348638 | V27: =(D27-$O$12)/$O$11 -> 0.083469763 | W27: =(F27-$O$4)/$O$3 -> 2.3674549 | X27: =((G27-$O$8)/$O$7) / 6 -> 0.17714195 | Y27: =(H27-$P$8)/$P$7 -> 3.189672 | Z27: =(I27-$P$4)/$P$3 -> 9.8829588 | AA27: =((J27-$Q$4)/$Q$3)/6 -> 0.080081308 | AB27: =(K27-$N$19)/$N$18 -> 1.1929738 | AD27: C1 | AE27: Fully supplemented 24h (concentrated) | AF27: =((U27 * 0.00005 * 1000) * (0.0005/0.0003) )/$AU$3 -> 0.072306808 | AG27: =(V27*0.0005*1000) /$AU3 -> 0.47430569 | AH27: =(W27*0.0005*1000) /$AU3 -> 13.452744 | AI27: =(X27*0.0005*1000) /$AU3 -> 1.0065853 | AJ27: =(Y27*0.0005*1000) /$AU3 -> 18.124882 | AK27: =(Z27*0.0005*1000) /$AU3 -> 56.158582 | AL27: =(AA27*0.0005*1000) /$AU3 -> 0.45505125 | AM27: =(AB27*0.0005*1000) /$AU3 -> 6.7789132 | AP27: M1 | AQ27: 0.32718273 | AR27: 0.21741759 | AS27: 0.35354323 | AT27: 1.0606297 | AW27: C1 | AX27: Fully supplemented 24h (concentrated) | AY27: 26798996 | AZ27: 1567495.7 | BA27: 91421.533 | BC27: Fully supplemented 24h (concentrated) | BD27: =AY27/$AT3 -> 2.3962124e+08 | BE27: =AZ27/$AT3 -> 14015647 | BF27: =BA27/$AT3 -> 817438.87
A28: C2 | B28: Fully supplemented 24h (concentrated) | C28: 128209.24 | D28: 250202.02 | E28: 5100530.8 | F28: 16286779 | G28: 0 | H28: 8585909.6 | I28: 11463991 | J28: 5298947.5 | K28: 329480.03 | S28: C2 | T28: Fully supplemented 24h (concentrated) | U28: =((C28-$N$4)/$N$3)/6 -> 0.011301705 | V28: =(D28-$O$12)/$O$11 -> 0.081780148 | W28: =(F28-$O$4)/$O$3 -> 1.3657279 | X28: =((G28-$O$8)/$O$7) / 6 -> 0.15344833 | Y28: =(H28-$P$8)/$P$7 -> 1.8186203 | Z28: =(I28-$P$4)/$P$3 -> 6.0259591 | AA28: =(J28-$Q$4)/$Q$3 -> 0.36416666 | AB28: =(K28-$N$19)/$N$18 -> 0.752052 | AD28: C2 | AE28: Fully supplemented 24h (concentrated) | AF28: =((U28 * 0.00005 * 1000) * (0.0005/0.0003) )/$AU$3 -> 0.010703402 | AG28: =(V28*0.0005*1000) /$AU4 -> 0.46470468 | AH28: =(W28*0.0005*1000) /$AU4 -> 7.7605648 | AI28: =(X28*0.0005*1000) /$AU4 -> 0.8719495 | AJ28: =(Y28*0.0005*1000) /$AU4 -> 10.334065 | AK28: =(Z28*0.0005*1000) /$AU4 -> 34.241701 | AL28: =(AA28*0.0005*1000) /$AU4 -> 2.069328 | AM28: =(AB28*0.0005*1000) /$AU4 -> 4.2734342 | AP28: M2 | AQ28: 0.35002199 | AR28: 0.24025685 | AS28: 0.39385254 | AT28: 1.1815576 | AW28: C2 | AX28: Fully supplemented 24h (concentrated) | AY28: 14453838 | AZ28: 1906021.4 | BA28: 40502.229 | BC28: Fully supplemented 24h (concentrated) | BD28: =AY28/$AT4 -> 1.7960751e+08 | BE28: =AZ28/$AT4 -> 23684764 | BF28: =BA28/$AT4 -> 503292.23
A29: C3 | B29: Fully supplemented 24h (concentrated) | C29: 197918.27 | D29: 409321.98 | E29: 17840931 | F29: 22312226 | G29: 0 | H29: 15802475 | I29: 11056347 | J29: 7074180.3 | K29: 442414.07 | S29: C3 | T29: Fully supplemented 24h (concentrated) | U29: =((C29-$N$4)/$N$3)/6 -> 0.012349223 | V29: =(D29-$O$12)/$O$11 -> 0.098051479 | W29: =(F29-$O$4)/$O$3 -> 1.8630916 | X29: =((G29-$O$8)/$O$7) / 6 -> 0.15344833 | Y29: =(H29-$P$8)/$P$7 -> 3.2518022 | Z29: =(I29-$P$4)/$P$3 -> 5.8138732 | AA29: =(J29-$Q$4)/$Q$3 -> 0.45579228 | AB29: =(K29-$N$19)/$N$18 -> 1.0186697 | AD29: C3 | AE29: Fully supplemented 24h (concentrated) | AF29: =((U29 * 0.00005 * 1000) * (0.0005/0.0003) )/$AU$3 -> 0.011695466 | AG29: =(V29*0.0005*1000) /$AU5 -> 0.55716432 | AH29: =(W29*0.0005*1000) /$AU5 -> 10.586767 | AI29: =(X29*0.0005*1000) /$AU5 -> 0.8719495 | AJ29: =(Y29*0.0005*1000) /$AU5 -> 18.477928 | AK29: =(Z29*0.0005*1000) /$AU5 -> 33.036551 | AL29: =(AA29*0.0005*1000) /$AU5 -> 2.5899782 | AM29: =(AB29*0.0005*1000) /$AU5 -> 5.7884533 | AP29: M3 | AQ29: 0.3375262 | AR29: 0.22776107 | AS29: 0.37179857 | AT29: 1.1153957 | AW29: C3 | AX29: Fully supplemented 24h (concentrated) | AY29: 21981927 | AZ29: 3123331.5 | BA29: 597937.65 | BC29: Fully supplemented 24h (concentrated) | BD29: =AY29/$AT5 -> 3.0674873e+08 | BE29: =AZ29/$AT5 -> 43584805 | BF29: =BA29/$AT5 -> 8343973.5
A30: C4 | B30: w/o B2, B3, B5 24h (concentrated) | C30: 172847.6 | D30: 397766.11 | E30: 61777647 | F30: 13538905 | G30: 112620.27 | H30: 22680302 | I30: 12753537 | J30: 7833380.9 | K30: 249030.4 | S30: C4 | T30: w/o B2, B3, B5 24h (concentrated) | U30: =((C30-$N$4)/$N$3)/6 -> 0.011972486 | V30: =(D30-$O$12)/$O$11 -> 0.096869795 | W30: =(F30-$O$4)/$O$3 -> 1.1389077 | X30: =((G30-$O$8)/$O$7) / 6 -> 0.17942365 | Y30: =(H30-$P$8)/$P$7 -> 4.6177117 | Z30: =(I30-$P$4)/$P$3 -> 6.6968745 | AA30: =(J30-$Q$4)/$Q$3 -> 0.49497712 | AB30: =(K30-$N$19)/$N$18 -> 0.56212439 | AD30: C4 | AE30: w/o B2, B3, B5 24h (concentrated) | AF30: =((U30 * 0.00005 * 1000) * (0.0005/0.0003) )/$AU$6 -> 0.011655226 | AG30: =(V30*0.0005*1000) /$AU6 -> 0.56581703 | AH30: =(W30*0.0005*1000) /$AU6 -> 6.6523664 | AI30: =(X30*0.0005*1000) /$AU6 -> 1.0480145 | AJ30: =(Y30*0.0005*1000) /$AU6 -> 26.972081 | AK30: =(Z30*0.0005*1000) /$AU6 -> 39.116482 | AL30: =(AA30*0.0005*1000) /$AU6 -> 2.8911642 | AM30: =(AB30*0.0005*1000) /$AU6 -> 3.2833718 | AP30: M4 | AQ30: 0.33962814 | AR30: 0.22986301 | AS30: 0.3755083 | AT30: 1.1265249 | AW30: C4 | AX30: w/o B2, B3, B5 24h (concentrated) | AY30: 3355962 | AZ30: 832009.76 | BA30: 0 | BC30: w/o B2, B3, B5 24h (concentrated) | BD30: =AY30/$AT6 -> 38808655 | BE30: =AZ30/$AT6 -> 9621437.8 | BF30: =BA30/$AT6 -> 0
A31: C5 | B31: w/o B2, B3, B5 24h (concentrated) | C31: 155192.4 | D31: 513104.6 | E31: 63642184 | F31: 12389755 | G31: 0 | H31: 21799350 | I31: 10391064 | J31: 9328565.5 | K31: 225270.47 | S31: C5 | T31: w/o B2, B3, B5 24h (concentrated) | U31: =((C31-$N$4)/$N$3)/6 -> 0.011707181 | V31: =(D31-$O$12)/$O$11 -> 0.10866411 | W31: =(F31-$O$4)/$O$3 -> 1.0440524 | X31: =((G31-$O$8)/$O$7) / 6 -> 0.15344833 | Y31: =(H31-$P$8)/$P$7 -> 4.4427581 | Z31: =(I31-$P$4)/$P$3 -> 5.467745 | AA31: =(J31-$Q$4)/$Q$3 -> 0.57214852 | AB31: =(K31-$N$19)/$N$18 -> 0.50603133 | AD31: C5 | AE31: w/o B2, B3, B5 24h (concentrated) | AF31: =((U31 * 0.00005 * 1000) * (0.0005/0.0003) )/$AU$6 -> 0.011396952 | AG31: =(V31*0.0005*1000) /$AU7 -> 0.63470768 | AH31: =(W31*0.0005*1000) /$AU7 -> 6.0983162 | AI31: =(X31*0.0005*1000) /$AU7 -> 0.8962926 | AJ31: =(Y31*0.0005*1000) /$AU7 -> 25.950176 | AK31: =(Z31*0.0005*1000) /$AU7 -> 31.93713 | AL31: =(AA31*0.0005*1000) /$AU7 -> 3.3419228 | AM31: =(AB31*0.0005*1000) /$AU7 -> 2.9557319 | AP31: M5 | AQ31: 0.33765118 | AR31: 0.22788605 | AS31: 0.37201915 | AT31: 1.1160574 | AW31: C5 | AX31: w/o B2, B3, B5 24h (concentrated) | AY31: 3048769.4 | AZ31: 853179.78 | BA31: 0 | BC31: w/o B2, B3, B5 24h (concentrated) | BD31: =AY31/$AT7 -> 35982674 | BE31: =AZ31/$AT7 -> 10069535 | BF31: =BA31/$AT7 -> 0
A32: C6 | B32: w/o B2, B3, B5 24h (concentrated) | C32: 173544.12 | D32: 459266.88 | E32: 84842239 | F32: 12285354 | G32: 0 | H32: 23041411 | I32: 8900640.8 | J32: 9316103.5 | K32: 217001.82 | S32: C6 | T32: w/o B2, B3, B5 24h (concentrated) | U32: =((C32-$N$4)/$N$3)/6 -> 0.011982953 | V32: =(D32-$O$12)/$O$11 -> 0.10315876 | W32: =(F32-$O$4)/$O$3 -> 1.0354347 | X32: =((G32-$O$8)/$O$7) / 6 -> 0.15344833 | Y32: =(H32-$P$8)/$P$7 -> 4.6894267 | Z32: =(I32-$P$4)/$P$3 -> 4.6923193 | AA32: =(J32-$Q$4)/$Q$3 -> 0.57150532 | AB32: =(K32-$N$19)/$N$18 -> 0.48651047 | AD32: C6 | AE32: w/o B2, B3, B5 24h (concentrated) | AF32: =((U32 * 0.00005 * 1000) * (0.0005/0.0003) )/$AU$6 -> 0.011665416 | AG32: =(V32*0.0005*1000) /$AU8 -> 0.60255089 | AH32: =(W32*0.0005*1000) /$AU8 -> 6.0479802 | AI32: =(X32*0.0005*1000) /$AU8 -> 0.8962926 | AJ32: =(Y32*0.0005*1000) /$AU8 -> 27.390968 | AK32: =(Z32*0.0005*1000) /$AU8 -> 27.407864 | AL32: =(AA32*0.0005*1000) /$AU8 -> 3.3381658 | AM32: =(AB32*0.0005*1000) /$AU8 -> 2.8417104 | AP32: M6 | AQ32: 0.31639637 | AR32: 0.20663124 | AS32: 0.33450624 | AT32: 1.0035187 | AW32: C6 | AX32: w/o B2, B3, B5 24h (concentrated) | AY32: 2995179.8 | AZ32: 1326156.8 | BA32: 0 | BC32: w/o B2, B3, B5 24h (concentrated) | BD32: =AY32/$AT8 -> 88357805 | BE32: =AZ32/$AT8 -> 39121627 | BF32: =BA32/$AT8 -> 0
A33: C7 | B33: Without B3 24h (concentrated) | C33: 237883.73 | D33: 424097.77 | E33: 2448980.8 | F33: 15542370 | G33: 139065.85 | H33: 10077501 | I33: 24237687 | J33: 13019965 | K33: 252233.43 | S33: C7 | T33: Without B3 24h (concentrated) | U33: =((C33-$N$4)/$N$3)/6 -> 0.012949785 | V33: =(D33-$O$12)/$O$11 -> 0.099562425 | W33: =(F33-$O$4)/$O$3 -> 1.3042815 | X33: =((G33-$O$8)/$O$7) / 6 -> 0.18552319 | Y33: =(H33-$P$8)/$P$7 -> 2.1148447 | Z33: =(I33-$P$4)/$P$3 -> 12.671759 | AA33: =(J33-$Q$4)/$Q$3 -> 0.76267381 | AB33: =(K33-$N$19)/$N$18 -> 0.56968621 | AD33: C7 | AE33: Without B3 24h (concentrated) | AF33: =((U33 * 0.00005 * 1000) * (0.0005/0.0003) )/$AU$9 -> 0.01950966 | AG33: =(V33*0.0005*1000) /$AU9 -> 0.89998208 | AH33: =(W33*0.0005*1000) /$AU9 -> 11.789889 | AI33: =(X33*0.0005*1000) /$AU9 -> 1.6770136 | AJ33: =(Y33*0.0005*1000) /$AU9 -> 19.116874 | AK33: =(Z33*0.0005*1000) /$AU9 -> 114.54478 | AL33: =(AA33*0.0005*1000) /$AU9 -> 6.8940944 | AM33: =(AB33*0.0005*1000) /$AU9 -> 5.1496071 | AP33: M7 | AQ33: 0.37143027 | AR33: 0.26166514 | AS33: 0.43163631 | AT33: 1.2949089 | AW33: C7 | AX33: Without B3 24h (concentrated) | AY33: 40437041 | AZ33: 935333.22 | BA33: 265458.89 | BC33: Without B3 24h (concentrated) | BD33: =AY33/$AT9 -> 6.6997624e+08 | BE33: =AZ33/$AT9 -> 15496956 | BF33: =BA33/$AT9 -> 4398223.7
A34: C8 | B34: Without B3 24h (concentrated) | C34: 263550.4 | D34: 476533.52 | E34: 3504328.3 | F34: 18354292 | G34: 104519.4 | H34: 11121090 | I34: 27150366 | J34: 12319929 | K34: 269918.72 | S34: C8 | T34: Without B3 24h (concentrated) | U34: =((C34-$N$4)/$N$3)/6 -> 0.013335478 | V34: =(D34-$O$12)/$O$11 -> 0.10492441 | W34: =(F34-$O$4)/$O$3 -> 1.5363884 | X34: =((G34-$O$8)/$O$7) / 6 -> 0.17755522 | Y34: =(H34-$P$8)/$P$7 -> 2.3220973 | Z34: =(I34-$P$4)/$P$3 -> 14.187145 | AA34: =(J34-$Q$4)/$Q$3 -> 0.72654263 | AB34: =(K34-$N$19)/$N$18 -> 0.6114381 | AD34: C8 | AE34: Without B3 24h (concentrated) | AF34: =((U34 * 0.00005 * 1000) * (0.0005/0.0003) )/$AU$9 -> 0.020090731 | AG34: =(V34*0.0005*1000) /$AU10 -> 0.9484511 | AH34: =(W34*0.0005*1000) /$AU10 -> 13.88799 | AI34: =(X34*0.0005*1000) /$AU10 -> 1.6049882 | AJ34: =(Y34*0.0005*1000) /$AU10 -> 20.990308 | AK34: =(Z34*0.0005*1000) /$AU10 -> 128.24292 | AL34: =(AA34*0.0005*1000) /$AU10 -> 6.5674911 | AM34: =(AB34*0.0005*1000) /$AU10 -> 5.5270181 | AP34: M8 | AQ34: 0.35071026 | AR34: 0.24094512 | AS34: 0.39506728 | AT34: 1.1852018 | AW34: C8 | AX34: Without B3 24h (concentrated) | AY34: 53171501 | AZ34: 1062994.4 | BA34: 249768.6 | BC34: Without B3 24h (concentrated) | BD34: =AY34/$AT10 -> 4.8690337e+08 | BE34: =AZ34/$AT10 -> 9734078 | BF34: =BA34/$AT10 -> 2287187.1
A35: C9 | B35: Without B3 24h (concentrated) | C35: 264745.3 | D35: 442431.32 | E35: 3879184.9 | F35: 16991296 | G35: 106943.78 | H35: 11156039 | I35: 32359111 | J35: 12286211 | K35: 265756.47 | S35: C9 | T35: Without B3 24h (concentrated) | U35: =((C35-$N$4)/$N$3)/6 -> 0.013353434 | V35: =(D35-$O$12)/$O$11 -> 0.10143718 | W35: =(F35-$O$4)/$O$3 -> 1.4238814 | X35: =((G35-$O$8)/$O$7) / 6 -> 0.17811439 | Y35: =(H35-$P$8)/$P$7 -> 2.329038 | Z35: =(I35-$P$4)/$P$3 -> 16.89711 | AA35: =(J35-$Q$4)/$Q$3 -> 0.72480233 | AB35: =(K35-$N$19)/$N$18 -> 0.60161174 | AD35: C9 | AE35: Without B3 24h (concentrated) | AF35: =((U35 * 0.00005 * 1000) * (0.0005/0.0003) )/$AU$9 -> 0.020117783 | AG35: =(V35*0.0005*1000) /$AU11 -> 0.9169287 | AH35: =(W35*0.0005*1000) /$AU11 -> 12.870998 | AI35: =(X35*0.0005*1000) /$AU11 -> 1.6100427 | AJ35: =(Y35*0.0005*1000) /$AU11 -> 21.053047 | AK35: =(Z35*0.0005*1000) /$AU11 -> 152.73931 | AL35: =(AA35*0.0005*1000) /$AU11 -> 6.5517599 | AM35: =(AB35*0.0005*1000) /$AU11 -> 5.438194 | AP35: M9 | AQ35: 0.34742543 | AR35: 0.2376603 | AS35: 0.38926985 | AT35: 1.1678095 | AW35: C9 | AX35: Without B3 24h (concentrated) | AY35: 43974790 | AZ35: 808491.29 | BA35: 287896.36 | BC35: Without B3 24h (concentrated) | BD35: =AY35/$AT11 -> 8.7475137e+08 | BE35: =AZ35/$AT11 -> 16082598 | BF35: =BA35/$AT11 -> 5726866.2
A36: C10 | B36: Without B5 24h (concentrated) | C36: 188514.33 | D36: 325913.53 | E36: 2373773.8 | F36: 27669512 | G36: 0 | H36: 8756636.9 | I36: 20686990 | J36: 10168880 | K36: 372676.52 | O36: =0.076/6 -> 0.012666667 | P36: =0.076*6 -> 0.456 | S36: C10 | T36: Without B5 24h (concentrated) | U36: =((C36-$N$4)/$N$3)/6 -> 0.01220791 | V36: =(D36-$O$12)/$O$11 -> 0.089522276 | W36: =(F36-$O$4)/$O$3 -> 2.3053027 | X36: =((G36-$O$8)/$O$7) / 6 -> 0.15344833 | Y36: =(H36-$P$8)/$P$7 -> 1.8525261 | Z36: =(I36-$P$4)/$P$3 -> 10.82443 | AA36: =(J36-$Q$4)/$Q$3 -> 0.61551991 | AB36: =(K36-$N$19)/$N$18 -> 0.85403142 | AD36: C10 | AE36: Without B5 24h (concentrated) | AF36: =((U36 * 0.00005 * 1000) * (0.0005/0.0003) )/$AU$12 -> 0.0098405153 | AG36: =(V36*0.0005*1000) /$AU12 -> 0.43297108 | AH36: =(W36*0.0005*1000) /$AU12 -> 11.149509 | AI36: =(X36*0.0005*1000) /$AU12 -> 0.74214702 | AJ36: =(Y36*0.0005*1000) /$AU12 -> 8.9596719 | AK36: =(Z36*0.0005*1000) /$AU12 -> 52.351942 | AL36: =(AA36*0.0005*1000) /$AU12 -> 2.9769386 | AM36: =(AB36*0.0005*1000) /$AU12 -> 4.1304904 | AP36: M10 | AQ36: 0.32684358 | AR36: 0.21707845 | AS36: 0.35294467 | AT36: 1.058834 | AW36: C10 | AX36: Without B5 24h (concentrated) | AY36: 0 | AZ36: 10339280 | BA36: 3841475.2 | BC36: Without B5 24h (concentrated) | BD36: =AY36/$AT12 -> 0 | BE36: =AZ36/$AT12 -> 2.7702883e+08 | BF36: =BA36/$AT12 -> 1.0292781e+08
A37: C11 | B37: Without B5 24h (concentrated) | C37: 224781.08 | D37: 410224.79 | E37: 2446283.1 | F37: 31200023 | G37: 0 | H37: 9491844.7 | I37: 24547435 | J37: 10945034 | K37: 415347.05 | S37: C11 | T37: Without B5 24h (concentrated) | U37: =((C37-$N$4)/$N$3)/6 -> 0.012752891 | V37: =(D37-$O$12)/$O$11 -> 0.098143799 | W37: =(F37-$O$4)/$O$3 -> 2.5967248 | X37: =((G37-$O$8)/$O$7) / 6 -> 0.15344833 | Y37: =(H37-$P$8)/$P$7 -> 1.9985355 | Z37: =(I37-$P$4)/$P$3 -> 12.832912 | AA37: =(J37-$Q$4)/$Q$3 -> 0.65557979 | AB37: =(K37-$N$19)/$N$18 -> 0.95476915 | AD37: C11 | AE37: Without B5 24h (concentrated) | AF37: =((U37 * 0.00005 * 1000) * (0.0005/0.0003) )/$AU$12 -> 0.010279812 | AG37: =(V37*0.0005*1000) /$AU13 -> 0.47466874 | AH37: =(W37*0.0005*1000) /$AU13 -> 12.55896 | AI37: =(X37*0.0005*1000) /$AU13 -> 0.74214702 | AJ37: =(Y37*0.0005*1000) /$AU13 -> 9.6658409 | AK37: =(Z37*0.0005*1000) /$AU13 -> 62.065891 | AL37: =(AA37*0.0005*1000) /$AU13 -> 3.1706867 | AM37: =(AB37*0.0005*1000) /$AU13 -> 4.6177046 | AP37: M11 | AQ37: 0.35282372 | AR37: 0.24305858 | AS37: 0.39879736 | AT37: 1.1963921 | AW37: C11 | AX37: Without B5 24h (concentrated) | AY37: 30013361 | AZ37: 4441669.6 | BA37: 3612506.1 | BC37: Without B5 24h (concentrated) | BD37: =AY37/$AT13 -> 3.002863e+08 | BE37: =AZ37/$AT13 -> 44439293 | BF37: =BA37/$AT13 -> 36143440
A38: C12 | B38: Without B5 24h (concentrated) | C38: 232232.56 | D38: 460217.13 | E38: 2925030.5 | F38: 33517004 | G38: 0 | H38: 8838713.6 | I38: 22355549 | J38: 11270700 | K38: 464124.44 | O38: =O36*6 -> 0.076 | P38: =0.456/6 -> 0.076 | S38: C12 | T38: Without B5 24h (concentrated) | U38: =((C38-$N$4)/$N$3)/6 -> 0.012864865 | V38: =(D38-$O$12)/$O$11 -> 0.10325593 | W38: =(F38-$O$4)/$O$3 -> 2.7879773 | X38: =((G38-$O$8)/$O$7) / 6 -> 0.15344833 | Y38: =(H38-$P$8)/$P$7 -> 1.8688262 | Z38: =(I38-$P$4)/$P$3 -> 11.692534 | AA38: =(J38-$Q$4)/$Q$3 -> 0.67238847 | AB38: =(K38-$N$19)/$N$18 -> 1.0699241 | AD38: C12 | AE38: Without B5 24h (concentrated) | AF38: =((U38 * 0.00005 * 1000) * (0.0005/0.0003) )/$AU$12 -> 0.010370071 | AG38: =(V38*0.0005*1000) /$AU14 -> 0.49939336 | AH38: =(W38*0.0005*1000) /$AU14 -> 13.483946 | AI38: =(X38*0.0005*1000) /$AU14 -> 0.74214702 | AJ38: =(Y38*0.0005*1000) /$AU14 -> 9.0385068 | AK38: =(Z38*0.0005*1000) /$AU14 -> 56.550497 | AL38: =(AA38*0.0005*1000) /$AU14 -> 3.2519812 | AM38: =(AB38*0.0005*1000) /$AU14 -> 5.1746472 | AP38: M12 | AQ38: 0.33371183 | AR38: 0.22394669 | AS38: 0.36506653 | AT38: 1.0951996 | AW38: C12 | AX38: Without B5 24h (concentrated) | AY38: 39778672 | AZ38: 8757185.7 | BA38: 6385572.7 | BC38: Without B5 24h (concentrated) | BD38: =AY38/$AT14 -> 3.7241217e+08 | BE38: =AZ38/$AT14 -> 81985707 | BF38: =BA38/$AT14 -> 59782413
A39: C13 | B39: Fully supplemented 72h (concentrated) | C39: 695147.7 | D39: 465213.99 | E39: 9754415.1 | F39: 87396076 | G39: 519440 | H39: 36118498 | I39: 86380075 | J39: 14309998 | K39: 755874.24 | S39: C13 | T39: Fully supplemented 72h (concentrated) | U39: =((C39-$N$4)/$N$3)/6 -> 0.019821097 | V39: =(D39-$O$12)/$O$11 -> 0.1037669 | W39: =(F39-$O$4)/$O$3 -> 7.2353646 | X39: =((G39-$O$8)/$O$7) / 6 -> 0.27325461 | Y39: =(H39-$P$8)/$P$7 -> 7.2864852 | Z39: =(I39-$P$4)/$P$3 -> 45.002719 | AA39: =(J39-$Q$4)/$Q$3 -> 0.82925665 | AB39: =(K39-$N$19)/$N$18 -> 1.7586948 | AD39: C13 | AE39: Fully supplemented 72h (concentrated) | AF39: =((U39 * 0.00005 * 1000) * (0.0005/0.0003) )/$AU$15 -> 0.014421921 | AG39: =(V39*0.0005*1000) /$AU15 -> 0.45300763 | AH39: =(W39*0.0005*1000) /$AU15 -> 31.586907 | AI39: =(X39*0.0005*1000) /$AU15 -> 1.1929279 | AJ39: =(Y39*0.0005*1000) /$AU15 -> 31.81008 | AK39: =(Z39*0.0005*1000) /$AU15 -> 196.46511 | AL39: =(AA39*0.0005*1000) /$AU15 -> 3.6202256 | AM39: =(AB39*0.0005*1000) /$AU15 -> 7.6778063 | AP39: M13 | AQ39: 0.35543143 | AR39: 0.2456663 | AS39: 0.40339975 | AT39: 1.2101993 | AW39: C13 | AX39: Fully supplemented 72h (concentrated) | AY39: 49065509 | AZ39: 10954547 | BA39: 449691.18 | BC39: Fully supplemented 72h (concentrated) | BD39: =AY39/$AT15 -> 4.0357802e+08 | BE39: =AZ39/$AT15 -> 90104324 | BF39: =BA39/$AT15 -> 3698840.2
A40: C14 | B40: Fully supplemented 72h (concentrated) | C40: 749881.81 | D40: 576230.53 | E40: 11893698 | F40: 91633244 | G40: 579483.46 | H40: 42036206 | I40: 90372049 | J40: 8323033.9 | K40: 911826.78 | S40: C14 | T40: Fully supplemented 72h (concentrated) | U40: =((C40-$N$4)/$N$3)/6 -> 0.020643588 | V40: =(D40-$O$12)/$O$11 -> 0.11511926 | W40: =(F40-$O$4)/$O$3 -> 7.5851168 | X40: =((G40-$O$8)/$O$7) / 6 -> 0.28710334 | Y40: =(H40-$P$8)/$P$7 -> 8.461719 | Z40: =(I40-$P$4)/$P$3 -> 47.079632 | AA40: =(J40-$Q$4)/$Q$3 -> 0.52024972 | AB40: =(K40-$N$19)/$N$18 -> 2.1268717 | AD40: C14 | AE40: Fully supplemented 72h (concentrated) | AF40: =((U40 * 0.00005 * 1000) * (0.0005/0.0003) )/$AU$15 -> 0.015020369 | AG40: =(V40*0.0005*1000) /$AU16 -> 0.50256779 | AH40: =(W40*0.0005*1000) /$AU16 -> 33.113795 | AI40: =(X40*0.0005*1000) /$AU16 -> 1.2533863 | AJ40: =(Y40*0.0005*1000) /$AU16 -> 36.940713 | AK40: =(Z40*0.0005*1000) /$AU16 -> 205.53214 | AL40: =(AA40*0.0005*1000) /$AU16 -> 2.2712165 | AM40: =(AB40*0.0005*1000) /$AU16 -> 9.2851294 | AP40: M14 | AQ40: 0.3352676 | AR40: 0.22550247 | AS40: 0.36781233 | AT40: 1.103437 | AW40: C14 | AX40: Fully supplemented 72h (concentrated) | AY40: 35860320 | AZ40: 10667488 | BA40: 605502.67 | BC40: Fully supplemented 72h (concentrated) | BD40: =AY40/$AT16 -> 3.3906393e+08 | BE40: =AZ40/$AT16 -> 1.0086247e+08 | BF40: =BA40/$AT16 -> 5725105.4
A41: C15 | B41: Fully supplemented 72h (concentrated) | C41: 854520.19 | D41: 854769.25 | E41: 12521088 | F41: 1.0045451e+08 | G41: 796272.6 | H41: 40261833 | I41: 82036255 | J41: 13830434 | K41: 838391.05 | S41: C15 | T41: Fully supplemented 72h (concentrated) | U41: =((C41-$N$4)/$N$3)/6 -> 0.02221599 | V41: =(D41-$O$12)/$O$11 -> 0.14360214 | W41: =(F41-$O$4)/$O$3 -> 8.3132585 | X41: =((G41-$O$8)/$O$7) / 6 -> 0.33710469 | Y41: =(H41-$P$8)/$P$7 -> 8.1093354 | Z41: =(I41-$P$4)/$P$3 -> 42.742749 | AA41: =(J41-$Q$4)/$Q$3 -> 0.80450477 | AB41: =(K41-$N$19)/$N$18 -> 1.9535026 | AD41: C15 | AE41: Fully supplemented 72h (concentrated) | AF41: =((U41 * 0.00005 * 1000) * (0.0005/0.0003) )/$AU$15 -> 0.016164456 | AG41: =(V41*0.0005*1000) /$AU17 -> 0.62691346 | AH41: =(W41*0.0005*1000) /$AU17 -> 36.29259 | AI41: =(X41*0.0005*1000) /$AU17 -> 1.4716735 | AJ41: =(Y41*0.0005*1000) /$AU17 -> 35.402338 | AK41: =(Z41*0.0005*1000) /$AU17 -> 186.59892 | AL41: =(AA41*0.0005*1000) /$AU17 -> 3.5121682 | AM41: =(AB41*0.0005*1000) /$AU17 -> 8.5282648 | AP41: M15 | AQ41: 0.35929614 | AR41: 0.249531 | AS41: 0.41022062 | AT41: 1.2306618 | AW41: C15 | AX41: Fully supplemented 72h (concentrated) | AY41: 82016514 | AZ41: 8528895 | BA41: 637557.87 | BC41: Fully supplemented 72h (concentrated) | BD41: =AY41/$AT17 -> 7.0549268e+08 | BE41: =AZ41/$AT17 -> 73364163 | BF41: =BA41/$AT17 -> 5484168.8
A42: C16 | B42: w/o B2, B3, B5 72h (concentrated) | C42: 195288.52 | D42: 1354332.4 | E42: 2.7348864e+08 | F42: 11075686 | G42: 291319.8 | H42: 66351048 | I42: 17852911 | J42: 17744704 | K42: 144863.22 | S42: C16 | T42: w/o B2, B3, B5 72h (concentrated) | U42: =((C42-$N$4)/$N$3)/6 -> 0.012309706 | V42: =(D42-$O$12)/$O$11 -> 0.1946866 | W42: =(F42-$O$4)/$O$3 -> 0.9355841 | X42: =((G42-$O$8)/$O$7) / 6 -> 0.22063981 | Y42: =(H42-$P$8)/$P$7 -> 13.290552 | Z42: =(I42-$P$4)/$P$3 -> 9.349937 | AA42: =(J42-$Q$4)/$Q$3 -> 1.0065331 | AB42: =(K42-$N$19)/$N$18 -> 0.31620375 | AD42: C16 | AE42: w/o B2, B3, B5 72h (concentrated) | AF42: =((U42 * 0.00005 * 1000) * (0.0005/0.0003) )/$AU$18 -> 0.010765974 | AG42: =(V42*0.0005*1000) /$AU18 -> 1.0216285 | AH42: =(W42*0.0005*1000) /$AU18 -> 4.9095281 | AI42: =(X42*0.0005*1000) /$AU18 -> 1.1578193 | AJ42: =(Y42*0.0005*1000) /$AU18 -> 69.742889 | AK42: =(Z42*0.0005*1000) /$AU18 -> 49.064299 | AL42: =(AA42*0.0005*1000) /$AU18 -> 5.281837 | AM42: =(AB42*0.0005*1000) /$AU18 -> 1.6592962 | AP42: M16 | AQ42: 0.34689994 | AR42: 0.2371348 | AS42: 0.3883424 | AT42: 1.1650272 | AW42: C16 | AX42: w/o B2, B3, B5 72h (concentrated) | AY42: 0 | AZ42: 440310.44 | BA42: 0 | BC42: w/o B2, B3, B5 72h (concentrated) | BD42: =AY42/$AT18 -> 0 | BE42: =AZ42/$AT18 -> 4076948.5 | BF42: =BA42/$AT18 -> 0
A43: C17 | B43: w/o B2, B3, B5 72h (concentrated) | C43: 161211.48 | D43: 1027461.7 | E43: 1.897964e+08 | F43: 8675988.9 | G43: 467373.33 | H43: 64103292 | I43: 20122799 | J43: 16446573 | K43: 113045.43 | S43: C17 | T43: w/o B2, B3, B5 72h (concentrated) | U43: =((C43-$N$4)/$N$3)/6 -> 0.01179763 | V43: =(D43-$O$12)/$O$11 -> 0.16126138 | W43: =(F43-$O$4)/$O$3 -> 0.73750378 | X43: =((G43-$O$8)/$O$7) / 6 -> 0.26124569 | Y43: =(H43-$P$8)/$P$7 -> 12.844156 | Z43: =(I43-$P$4)/$P$3 -> 10.530897 | AA43: =(J43-$Q$4)/$Q$3 -> 0.93953236 | AB43: =(K43-$N$19)/$N$18 -> 0.24108748 | AD43: C17 | AE43: w/o B2, B3, B5 72h (concentrated) | AF43: =((U43 * 0.00005 * 1000) * (0.0005/0.0003) )/$AU$18 -> 0.010318117 | AG43: =(V43*0.0005*1000) /$AU19 -> 0.84622778 | AH43: =(W43*0.0005*1000) /$AU19 -> 3.8700909 | AI43: =(X43*0.0005*1000) /$AU19 -> 1.3709009 | AJ43: =(Y43*0.0005*1000) /$AU19 -> 67.400403 | AK43: =(Z43*0.0005*1000) /$AU19 -> 55.261448 | AL43: =(AA43*0.0005*1000) /$AU19 -> 4.9302468 | AM43: =(AB43*0.0005*1000) /$AU19 -> 1.2651196 | AP43: M17 | AQ43: 0.38220559 | AR43: 0.27244046 | AS43: 0.45065383 | AT43: 1.3519615 | AW43: C17 | AX43: w/o B2, B3, B5 72h (concentrated) | AY43: 2759326.9 | AZ43: 483772.88 | BA43: 0 | BC43: w/o B2, B3, B5 72h (concentrated) | BD43: =AY43/$AT19 -> 29735213 | BE43: =AZ43/$AT19 -> 5213260.3 | BF43: =BA43/$AT19 -> 0
A44: C18 | B44: w/o B2, B3, B5 72h (concentrated) | C44: 72693.956 | D44: 466527.4 | E44: 89241915 | F44: 3915131.3 | G44: 190761.41 | H44: 29710456 | I44: 14979411 | J44: 12103389 | K44: 66185.571 | S44: C18 | T44: w/o B2, B3, B5 72h (concentrated) | U44: =((C44-$N$4)/$N$3)/6 -> 0.010467476 | V44: =(D44-$O$12)/$O$11 -> 0.10390121 | W44: =(F44-$O$4)/$O$3 -> 0.34452416 | X44: =((G44-$O$8)/$O$7) / 6 -> 0.19744652 | Y44: =(H44-$P$8)/$P$7 -> 6.0138729 | Z44: =(I44-$P$4)/$P$3 -> 7.8549346 | AA44: =(J44-$Q$4)/$Q$3 -> 0.71536631 | AB44: =(K44-$N$19)/$N$18 -> 0.13045948 | AD44: C18 | AE44: w/o B2, B3, B5 72h (concentrated) | AF44: =((U44 * 0.00005 * 1000) * (0.0005/0.0003) )/$AU$18 -> 0.0091547739 | AG44: =(V44*0.0005*1000) /$AU20 -> 0.54522719 | AH44: =(W44*0.0005*1000) /$AU20 -> 1.8079091 | AI44: =(X44*0.0005*1000) /$AU20 -> 1.0361113 | AJ44: =(Y44*0.0005*1000) /$AU20 -> 31.558123 | AK44: =(Z44*0.0005*1000) /$AU20 -> 41.219193 | AL44: =(AA44*0.0005*1000) /$AU20 -> 3.7539233 | AM44: =(AB44*0.0005*1000) /$AU20 -> 0.68459315 | AP44: M18 | AQ44: 0.36354529 | AR44: 0.25378015 | AS44: 0.41772 | AT44: 1.25316 | AW44: C18 | AX44: w/o B2, B3, B5 72h (concentrated) | AY44: 0 | AZ44: 1349748.5 | BA44: 0 | BC44: w/o B2, B3, B5 72h (concentrated) | BD44: =AY44/$AT20 -> 0 | BE44: =AZ44/$AT20 -> 15869899 | BF44: =BA44/$AT20 -> 0
A45: C19 | B45: Without B3 72h (concentrated) | C45: 724376.69 | D45: 916467.62 | E45: 5987862.1 | F45: 10068613 | G45: 570233.98 | H45: 26301588 | I45: 59923578 | J45: 20001236 | K45: 148509.91 | S45: C19 | T45: Without B3 72h (concentrated) | U45: =((C45-$N$4)/$N$3)/6 -> 0.020260322 | V45: =(D45-$O$12)/$O$11 -> 0.14991131 | W45: =(F45-$O$4)/$O$3 -> 0.8524564 | X45: =((G45-$O$8)/$O$7) / 6 -> 0.28497 | Y45: =(H45-$P$8)/$P$7 -> 5.336885 | Z45: =(I45-$P$4)/$P$3 -> 31.238137 | AA45: =(J45-$Q$4)/$Q$3 -> 1.1230002 | AB45: =(K45-$N$19)/$N$18 -> 0.32481295 | AD45: C19 | AE45: Without B3 72h (concentrated) | AF45: =((U45 * 0.00005 * 1000) * (0.0005/0.0003) )/$AU$21 -> 0.013467316 | AG45: =(V45*0.0005*1000) /$AU21 -> 0.59788872 | AH45: =(W45*0.0005*1000) /$AU21 -> 3.3998373 | AI45: =(X45*0.0005*1000) /$AU21 -> 1.136541 | AJ45: =(Y45*0.0005*1000) /$AU21 -> 21.285008 | AK45: =(Z45*0.0005*1000) /$AU21 -> 124.58653 | AL45: =(AA45*0.0005*1000) /$AU21 -> 4.4788427 | AM45: =(AB45*0.0005*1000) /$AU21 -> 1.2954459 | AP45: M19 | AQ45: 0.35726113 | AR45: 0.247496 | AS45: 0.40662901 | AT45: 1.219887 | AW45: C19 | AX45: Without B3 72h (concentrated) | AY45: 1.1219319e+08 | AZ45: 432366.08 | BA45: 1555249 | BC45: Without B3 72h (concentrated) | BD45: =AY45/$AT21 -> 8.4495766e+08 | BE45: =AZ45/$AT21 -> 3256267.4 | BF45: =BA45/$AT21 -> 11713006
A46: C20 | B46: Without B3 72h (concentrated) | C46: 761535.11 | D46: 948851.63 | E46: 6582675.4 | F46: 11020691 | G46: 694147.33 | H46: 29815749 | I46: 59179842 | J46: 20186520 | K46: 151539.41 | S46: C20 | T46: Without B3 72h (concentrated) | U46: =((C46-$N$4)/$N$3)/6 -> 0.020818702 | V46: =(D46-$O$12)/$O$11 -> 0.15322284 | W46: =(F46-$O$4)/$O$3 -> 0.93104459 | X46: =((G46-$O$8)/$O$7) / 6 -> 0.31355 | Y46: =(H46-$P$8)/$P$7 -> 6.0347838 | Z46: =(I46-$P$4)/$P$3 -> 30.851192 | AA46: =(J46-$Q$4)/$Q$3 -> 1.1325633 | AB46: =(K46-$N$19)/$N$18 -> 0.33196509 | AD46: C20 | AE46: Without B3 72h (concentrated) | AF46: =((U46 * 0.00005 * 1000) * (0.0005/0.0003) )/$AU$21 -> 0.013838479 | AG46: =(V46*0.0005*1000) /$AU22 -> 0.61109605 | AH46: =(W46*0.0005*1000) /$AU22 -> 3.7132692 | AI46: =(X46*0.0005*1000) /$AU22 -> 1.2505261 | AJ46: =(Y46*0.0005*1000) /$AU22 -> 24.068425 | AK46: =(Z46*0.0005*1000) /$AU22 -> 123.04328 | AL46: =(AA46*0.0005*1000) /$AU22 -> 4.516983 | AM46: =(AB46*0.0005*1000) /$AU22 -> 1.3239707 | AP46: M20 | AQ46: 0.33319879 | AR46: 0.22343366 | AS46: 0.36416106 | AT46: 1.0924832 | AW46: C20 | AX46: Without B3 72h (concentrated) | AY46: 71094933 | AZ46: 580452.78 | BA46: 1264136.5 | BC46: Without B3 72h (concentrated) | BD46: =AY46/$AT22 -> 5.8632948e+08 | BE46: =AZ46/$AT22 -> 4787072.2 | BF46: =BA46/$AT22 -> 10425504
A47: C21 | B47: Without B3 72h (concentrated) | C47: 734902.49 | D47: 1035144.2 | E47: 6637984.1 | F47: 11502438 | G47: 571658.77 | H47: 25961293 | I47: 78526610 | J47: 20154077 | K47: 153481.41 | S47: C21 | T47: Without B3 72h (concentrated) | U47: =((C47-$N$4)/$N$3)/6 -> 0.020418493 | V47: =(D47-$O$12)/$O$11 -> 0.16204697 | W47: =(F47-$O$4)/$O$3 -> 0.97080987 | X47: =((G47-$O$8)/$O$7) / 6 -> 0.28529862 | Y47: =(H47-$P$8)/$P$7 -> 5.2693039 | Z47: =(I47-$P$4)/$P$3 -> 40.916778 | AA47: =(J47-$Q$4)/$Q$3 -> 1.1308888 | AB47: =(K47-$N$19)/$N$18 -> 0.33654981 | AD47: C21 | AE47: Without B3 72h (concentrated) | AF47: =((U47 * 0.00005 * 1000) * (0.0005/0.0003) )/$AU$21 -> 0.013572455 | AG47: =(V47*0.0005*1000) /$AU23 -> 0.64628917 | AH47: =(W47*0.0005*1000) /$AU23 -> 3.8718644 | AI47: =(X47*0.0005*1000) /$AU23 -> 1.1378516 | AJ47: =(Y47*0.0005*1000) /$AU23 -> 21.015475 | AK47: =(Z47*0.0005*1000) /$AU23 -> 163.18769 | AL47: =(AA47*0.0005*1000) /$AU23 -> 4.5103047 | AM47: =(AB47*0.0005*1000) /$AU23 -> 1.3422559 | AP47: M21 | AQ47: 0.34536426 | AR47: 0.23559912 | AS47: 0.38563206 | AT47: 1.1568962 | AW47: C21 | AX47: Without B3 72h (concentrated) | AY47: 63633126 | AZ47: 1281544.6 | BA47: 1398268.1 | BC47: Without B3 72h (concentrated) | BD47: =AY47/$AT23 -> 5.2129329e+08 | BE47: =AZ47/$AT23 -> 10498629 | BF47: =BA47/$AT23 -> 11454848
A48: C22 | B48: Without B5 72h (concentrated) | C48: 704854.06 | D48: 842527 | E48: 6514587.3 | F48: 99487111 | G48: 567452.44 | H48: 26051319 | I48: 57813202 | J48: 16570384 | K48: 932772.08 | S48: C22 | T48: Without B5 72h (concentrated) | U48: =((C48-$N$4)/$N$3)/6 -> 0.019966955 | V48: =(D48-$O$12)/$O$11 -> 0.14235027 | W48: =(F48-$O$4)/$O$3 -> 8.2334054 | X48: =((G48-$O$8)/$O$7) / 6 -> 0.28432845 | Y48: =(H48-$P$8)/$P$7 -> 5.2871826 | Z48: =(I48-$P$4)/$P$3 -> 30.140167 | AA48: =(J48-$Q$4)/$Q$3 -> 0.94592261 | AB48: =(K48-$N$19)/$N$18 -> 2.1763199 | AD48: C22 | AE48: Without B5 72h (concentrated) | AF48: =((U48 * 0.00005 * 1000) * (0.0005/0.0003) )/$AU$24 -> 0.013486398 | AG48: =(V48*0.0005*1000) /$AU24 -> 0.57689087 | AH48: =(W48*0.0005*1000) /$AU24 -> 33.366824 | AI48: =(X48*0.0005*1000) /$AU24 -> 1.1522738 | AJ48: =(Y48*0.0005*1000) /$AU24 -> 21.426917 | AK48: =(Z48*0.0005*1000) /$AU24 -> 122.1465 | AL48: =(AA48*0.0005*1000) /$AU24 -> 3.8334603 | AM48: =(AB48*0.0005*1000) /$AU24 -> 8.819787 | AP48: M22 | AQ48: 0.34101095 | AR48: 0.23124582 | AS48: 0.37794885 | AT48: 1.1338465 | AW48: C22 | AX48: Without B5 72h (concentrated) | AY48: 56663816 | AZ48: 32649229 | BA48: 8730164.3 | BC48: Without B5 72h (concentrated) | BD48: =AY48/$AT24 -> 4.3798835e+08 | BE48: =AZ48/$AT24 -> 2.5236532e+08 | BF48: =BA48/$AT24 -> 67480635
A49: C23 | B49: Without B5 72h (concentrated) | C49: 575218.18 | D49: 677898.85 | E49: 6658957.5 | F49: 86385477 | G49: 366330.32 | H49: 25519517 | I49: 57512488 | J49: 14794524 | K49: 797993.7 | S49: C23 | T49: Without B5 72h (concentrated) | U49: =((C49-$N$4)/$N$3)/6 -> 0.018018915 | V49: =(D49-$O$12)/$O$11 -> 0.12551568 | W49: =(F49-$O$4)/$O$3 -> 7.1519458 | X49: =((G49-$O$8)/$O$7) / 6 -> 0.23794062 | Y49: =(H49-$P$8)/$P$7 -> 5.1815689 | Z49: =(I49-$P$4)/$P$3 -> 29.983714 | AA49: =(J49-$Q$4)/$Q$3 -> 0.85426465 | AB49: =(K49-$N$19)/$N$18 -> 1.8581315 | AD49: C23 | AE49: Without B5 72h (concentrated) | AF49: =((U49 * 0.00005 * 1000) * (0.0005/0.0003) )/$AU$24 -> 0.012170621 | AG49: =(V49*0.0005*1000) /$AU25 -> 0.50866676 | AH49: =(W49*0.0005*1000) /$AU25 -> 28.984084 | AI49: =(X49*0.0005*1000) /$AU25 -> 0.96428178 | AJ49: =(Y49*0.0005*1000) /$AU25 -> 20.998905 | AK49: =(Z49*0.0005*1000) /$AU25 -> 121.51246 | AL49: =(AA49*0.0005*1000) /$AU25 -> 3.4620059 | AM49: =(AB49*0.0005*1000) /$AU25 -> 7.530292 | AP49: M23 | AQ49: 0.36162324 | AR49: 0.2518581 | AS49: 0.41432775 | AT49: 1.2429833 | AW49: C23 | AX49: Without B5 72h (concentrated) | AY49: 35922126 | AZ49: 22996713 | BA49: 4084057.8 | BC49: Without B5 72h (concentrated) | BD49: =AY49/$AT25 -> 3.9474862e+08 | BE49: =AZ49/$AT25 -> 2.5271113e+08 | BF49: =BA49/$AT25 -> 44879754
A50: C24 | B50: Without B5 72h (concentrated) | C50: 642789.43 | D50: 794699.81 | E50: 4511513.4 | F50: 82546128 | G50: 469999.48 | H50: 21848650 | I50: 51798685 | J50: 15547619 | K50: 834846.13 | S50: C24 | T50: Without B5 72h (concentrated) | U50: =((C50-$N$4)/$N$3)/6 -> 0.019034309 | V50: =(D50-$O$12)/$O$11 -> 0.13745955 | W50: =(F50-$O$4)/$O$3 -> 6.8350311 | X50: =((G50-$O$8)/$O$7) / 6 -> 0.2618514 | Y50: =(H50-$P$8)/$P$7 -> 4.4525489 | Z50: =(I50-$P$4)/$P$3 -> 27.010981 | AA50: =(J50-$Q$4)/$Q$3 -> 0.89313438 | AB50: =(K50-$N$19)/$N$18 -> 1.9451337 | AD50: C24 | AE50: Without B5 72h (concentrated) | AF50: =((U50 * 0.00005 * 1000) * (0.0005/0.0003) )/$AU$24 -> 0.012856455 | AG50: =(V50*0.0005*1000) /$AU26 -> 0.55707065 | AH50: =(W50*0.0005*1000) /$AU26 -> 27.699751 | AI50: =(X50*0.0005*1000) /$AU26 -> 1.061183 | AJ50: =(Y50*0.0005*1000) /$AU26 -> 18.044467 | AK50: =(Z50*0.0005*1000) /$AU26 -> 109.46511 | AL50: =(AA50*0.0005*1000) /$AU26 -> 3.61953 | AM50: =(AB50*0.0005*1000) /$AU26 -> 7.8828784 | AP50: M24 | AQ50: 0.38116873 | AR50: 0.2714036 | AS50: 0.44882386 | AT50: 1.3464716 | AW50: C24 | AX50: Without B5 72h (concentrated) | AY50: 48586524 | AZ50: 28184083 | BA50: 5431992.1 | BC50: Without B5 72h (concentrated) | BD50: =AY50/$AT26 -> 4.1392027e+08 | BE50: =AZ50/$AT26 -> 2.4010697e+08 | BF50: =BA50/$AT26 -> 46276446
A51: M1 | B51: Fully supplemented 24h | C51: 6236.0554 | D51: 0 | E51: 0 | F51: 0 | G51: 0 | H51: 1748.6519 | I51: 656.74544 | J51: 9778.3794 | K51: 0 | S51: M1 | T51: Fully supplemented 24h | U51: =(C51-$N$4)/$N$3 -> 0.05681287 | V51: =(D51-$O$12)/$O$11 -> 0.056194925 | W51: =(F51-$O$4)/$O$3 -> 0.021354066 | X51: =(G51-$O$8)/$O$7 -> 0.92069001 | Y51: =(H51-$P$8)/$P$7 -> 0.11383941 | Z51: =(I51-$P$4)/$P$3 -> 0.061904667 | AA51: =(J51-$Q$4)/$Q$3 -> 0.091175223 | AB51: 0 | AW51: M1 | AX51: Fully supplemented 24h | AY51: 2.0420164e+08 | AZ51: 4.9966433e+08 | BA51: 3974734.2 | BC51: Fully supplemented 24h | BD51: =AY51/$AT27 -> 1.9252869e+08 | BE51: =AZ51/$AT27 -> 4.7110159e+08 | BF51: =BA51/$AT27 -> 3747523.1
A52: M2 | B52: Fully supplemented 24h | C52: 8026.4619 | D52: 0 | E52: 0 | F52: 0 | G52: 0 | H52: 1907.4867 | I52: 451.79641 | J52: 4059.0446 | K52: 6228.7325 | S52: M2 | T52: Fully supplemented 24h | U52: =(C52-$N$4)/$N$3 -> 0.056974297 | V52: =(D52-$O$12)/$O$11 -> 0.056194925 | W52: =(F52-$O$4)/$O$3 -> 0.021354066 | X52: =(G52-$O$8)/$O$7 -> 0.92069001 | Y52: =(H52-$P$8)/$P$7 -> 0.11387096 | Z52: =(I52-$P$4)/$P$3 -> 0.061798038 | AA52: =(J52-$Q$4)/$Q$3 -> 0.090880029 | AB52: 0 | AW52: M2 | AX52: Fully supplemented 24h | AY52: 2.1473464e+08 | AZ52: 5.8128693e+08 | BA52: 4447746.7 | BC52: Fully supplemented 24h | BD52: =AY52/$AT28 -> 1.8173861e+08 | BE52: =AZ52/$AT28 -> 4.9196664e+08 | BF52: =BA52/$AT28 -> 3764307.9
A53: M3 | B53: Fully supplemented 24h | C53: 0 | D53: 0 | E53: 0 | F53: 0 | G53: 0 | H53: 1354.8648 | I53: 1387.5192 | J53: 17747.674 | K53: 3254.681 | S53: M3 | T53: Fully supplemented 24h | U53: =(C53-$N$4)/$N$3 -> 0.056250614 | V53: =(D53-$O$12)/$O$11 -> 0.056194925 | W53: =(F53-$O$4)/$O$3 -> 0.021354066 | X53: =(G53-$O$8)/$O$7 -> 0.92069001 | Y53: =(H53-$P$8)/$P$7 -> 0.11376121 | Z53: =(I53-$P$4)/$P$3 -> 0.062284869 | AA53: =(J53-$Q$4)/$Q$3 -> 0.091586544 | AB53: 0 | AW53: M3 | AX53: Fully supplemented 24h | AY53: 1.0367444e+08 | AZ53: 3.4273354e+08 | BA53: 2168142.4 | BC53: Fully supplemented 24h | BD53: =AY53/$AT29 -> 92948570 | BE53: =AZ53/$AT29 -> 3.0727529e+08 | BF53: =BA53/$AT29 -> 1943832.5
A54: M4 | B54: w/o B2, B3, B5 24h | C54: 8565.8086 | D54: 0 | E54: 0 | F54: 0 | G54: 0 | H54: 686.15884 | I54: 834.09181 | J54: 7854.7557 | K54: 0 | S54: M4 | T54: w/o B2, B3, B5 24h | U54: =(C54-$N$4)/$N$3 -> 0.057022926 | V54: =(D54-$O$12)/$O$11 -> 0.056194925 | W54: =(F54-$O$4)/$O$3 -> 0.021354066 | X54: =(G54-$O$8)/$O$7 -> 0.92069001 | Y54: =(H54-$P$8)/$P$7 -> 0.1136284 | Z54: =(I54-$P$4)/$P$3 -> 0.061996936 | AA54: =(J54-$Q$4)/$Q$3 -> 0.091075938 | AB54: 0 | AW54: M4 | AX54: w/o B2, B3, B5 24h | AY54: 2590849.8 | AZ54: 1080779.5 | BA54: 0 | BC54: w/o B2, B3, B5 24h | BD54: =AY54/$AT30 -> 2299860.2 | BE54: =AZ54/$AT30 -> 959392.43 | BF54: =BA54/$AT30 -> 0
A55: M5 | B55: w/o B2, B3, B5 24h | C55: 7300.4738 | D55: 0 | E55: 0 | F55: 0 | G55: 0 | H55: 1254.5185 | I55: 2997.5207 | J55: 20884.357 | K55: 0 | S55: M5 | T55: w/o B2, B3, B5 24h | U55: =(C55-$N$4)/$N$3 -> 0.05690884 | V55: =(D55-$O$12)/$O$11 -> 0.056194925 | W55: =(F55-$O$4)/$O$3 -> 0.021354066 | X55: =(G55-$O$8)/$O$7 -> 0.92069001 | Y55: =(H55-$P$8)/$P$7 -> 0.11374128 | Z55: =(I55-$P$4)/$P$3 -> 0.063122508 | AA55: =(J55-$Q$4)/$Q$3 -> 0.091748439 | AB55: 0 | AW55: M5 | AX55: w/o B2, B3, B5 24h | AY55: 2398577.6 | AZ55: 1039782.9 | BA55: 0 | BC55: w/o B2, B3, B5 24h | BD55: =AY55/$AT31 -> 2149152.4 | BE55: =AZ55/$AT31 -> 931657.12 | BF55: =BA55/$AT31 -> 0
A56: M6 | B56: w/o B2, B3, B5 24h | C56: 6549.9265 | D56: 0 | E56: 0 | F56: 0 | G56: 0 | H56: 1448.0454 | I56: 2145.408 | J56: 5227.9409 | K56: 0 | S56: M6 | T56: w/o B2, B3, B5 24h | U56: =(C56-$N$4)/$N$3 -> 0.056841169 | V56: =(D56-$O$12)/$O$11 -> 0.056194925 | W56: =(F56-$O$4)/$O$3 -> 0.021354066 | X56: =(G56-$O$8)/$O$7 -> 0.92069001 | Y56: =(H56-$P$8)/$P$7 -> 0.11377971 | Z56: =(I56-$P$4)/$P$3 -> 0.062679177 | AA56: =(J56-$Q$4)/$Q$3 -> 0.09094036 | AB56: 0 | AW56: M6 | AX56: w/o B2, B3, B5 24h | AY56: 2519326.8 | AZ56: 859774.42 | BA56: 0 | BC56: w/o B2, B3, B5 24h | BD56: =AY56/$AT32 -> 2510493.1 | BE56: =AZ56/$AT32 -> 856759.72 | BF56: =BA56/$AT32 -> 0
A57: M7 | B57: Without B3 24h | C57: 9805.7239 | D57: 0 | E57: 0 | F57: 0 | G57: 0 | H57: 731.42554 | I57: 19464.552 | J57: 3242.5962 | K57: 0 | S57: M7 | T57: Without B3 24h | U57: =(C57-$N$4)/$N$3 -> 0.057134719 | V57: =(D57-$O$12)/$O$11 -> 0.056194925 | W57: =(F57-$O$4)/$O$3 -> 0.021354066 | X57: =(G57-$O$8)/$O$7 -> 0.92069001 | Y57: =(H57-$P$8)/$P$7 -> 0.11363739 | Z57: =(I57-$P$4)/$P$3 -> 0.071689847 | AA57: =(J57-$Q$4)/$Q$3 -> 0.09083789 | AB57: 0 | AW57: M7 | AX57: Without B3 24h | AY57: 2.0274053e+08 | AZ57: 733273.87 | BA57: 7003632 | BC57: Without B3 24h | BD57: =AY57/$AT33 -> 1.565674e+08 | BE57: =AZ57/$AT33 -> 566274.47 | BF57: =BA57/$AT33 -> 5408590.3
A58: M8 | B58: Without B3 24h | C58: 8339.958 | D58: 0 | E58: 0 | F58: 0 | G58: 0 | H58: 7505.0645 | I58: 0 | J58: 15727.204 | K58: 1200.4067 | S58: M8 | T58: Without B3 24h | U58: =(C58-$N$4)/$N$3 -> 0.057002562 | V58: =(D58-$O$12)/$O$11 -> 0.056194925 | W58: =(F58-$O$4)/$O$3 -> 0.021354066 | X58: =(G58-$O$8)/$O$7 -> 0.92069001 | Y58: =(H58-$P$8)/$P$7 -> 0.11498261 | Z58: =(I58-$P$4)/$P$3 -> 0.061562981 | AA58: =(J58-$Q$4)/$Q$3 -> 0.091482261 | AB58: 0 | AW58: M8 | AX58: Without B3 24h | AY58: 2.2336088e+08 | AZ58: 799873.88 | BA58: 7278530.4 | BC58: Without B3 24h | BD58: =AY58/$AT34 -> 1.8845809e+08 | BE58: =AZ58/$AT34 -> 674884.1 | BF58: =BA58/$AT34 -> 6141173.7
A59: M9 | B59: Without B3 24h | C59: 10479.986 | D59: 0 | E59: 5009.1925 | F59: 0 | G59: 22601.513 | H59: 0 | I59: 215662.97 | J59: 44926.486 | K59: 1620.6547 | S59: M9 | T59: Without B3 24h | U59: =(C59-$N$4)/$N$3 -> 0.057195512 | V59: =(D59-$O$12)/$O$11 -> 0.056194925 | W59: =(F59-$O$4)/$O$3 -> 0.021354066 | X59: =(G59-$O$8)/$O$7 -> 0.95196757 | Y59: =(H59-$P$8)/$P$7 -> 0.11349214 | Z59: =(I59-$P$4)/$P$3 -> 0.17376644 | AA59: =(J59-$Q$4)/$Q$3 -> 0.092989332 | AB59: 0 | AW59: M9 | AX59: Without B3 24h | AY59: 2.5293024e+08 | AZ59: 574352.93 | BA59: 11774331 | BC59: Without B3 24h | BD59: =AY59/$AT35 -> 2.1658518e+08 | BE59: =AZ59/$AT35 -> 491820.72 | BF59: =BA59/$AT35 -> 10082407
A60: M10 | B60: Without B5 24h | C60: 6328.9432 | D60: 0 | E60: 0 | F60: 0 | G60: 0 | H60: 2393.7805 | I60: 1458.3351 | J60: 48944.48 | K60: 0 | S60: M10 | T60: Without B5 24h | U60: =(C60-$N$4)/$N$3 -> 0.056821245 | V60: =(D60-$O$12)/$O$11 -> 0.056194925 | W60: =(F60-$O$4)/$O$3 -> 0.021354066 | X60: =(G60-$O$8)/$O$7 -> 0.92069001 | Y60: =(H60-$P$8)/$P$7 -> 0.11396753 | Z60: =(I60-$P$4)/$P$3 -> 0.062321712 | AA60: =(J60-$Q$4)/$Q$3 -> 0.093196714 | AB60: 0 | AW60: M10 | AX60: Without B5 24h | AY60: 88517436 | AZ60: 1.1728417e+09 | BA60: 42434029 | BC60: Without B5 24h | BD60: =AY60/$AT36 -> 83598973 | BE60: =AZ60/$AT36 -> 1.1076729e+09 | BF60: =BA60/$AT36 -> 40076187
A61: M11 | B61: Without B5 24h | C61: 7264.2483 | D61: 0 | E61: 0 | F61: 0 | G61: 0 | H61: 811.66133 | I61: 330.45024 | J61: 6729.4583 | K61: 6527.1176 | S61: M11 | T61: Without B5 24h | U61: =(C61-$N$4)/$N$3 -> 0.056905574 | V61: =(D61-$O$12)/$O$11 -> 0.056194925 | W61: =(F61-$O$4)/$O$3 -> 0.021354066 | X61: =(G61-$O$8)/$O$7 -> 0.92069001 | Y61: =(H61-$P$8)/$P$7 -> 0.11365333 | Z61: =(I61-$P$4)/$P$3 -> 0.061734905 | AA61: =(J61-$Q$4)/$Q$3 -> 0.091017858 | AB61: 0 | AW61: M11 | AX61: Without B5 24h | AY61: 77344079 | AZ61: 7.2379797e+08 | BA61: 32836730 | BC61: Without B5 24h | BD61: =AY61/$AT37 -> 64647769 | BE61: =AZ61/$AT37 -> 6.0498392e+08 | BF61: =BA61/$AT37 -> 27446463
A62: M12 | B62: Without B5 24h | C62: 5304.3655 | D62: 0 | E62: 6983.7251 | F62: 0 | G62: 0 | H62: 2723.4007 | I62: 363.43322 | J62: 7152.2997 | K62: 3728.9337 | S62: M12 | T62: Without B5 24h | U62: =(C62-$N$4)/$N$3 -> 0.056728867 | V62: =(D62-$O$12)/$O$11 -> 0.056194925 | W62: =(F62-$O$4)/$O$3 -> 0.021354066 | X62: =(G62-$O$8)/$O$7 -> 0.92069001 | Y62: =(H62-$P$8)/$P$7 -> 0.11403299 | Z62: =(I62-$P$4)/$P$3 -> 0.061752065 | AA62: =(J62-$Q$4)/$Q$3 -> 0.091039682 | AB62: 0 | AW62: M12 | AX62: Without B5 24h | AY62: 73850121 | AZ62: 5.4311496e+08 | BA62: 29249388 | BC62: Without B5 24h | BD62: =AY62/$AT38 -> 67430743 | BE62: =AZ62/$AT38 -> 4.9590501e+08 | BF62: =BA62/$AT38 -> 26706902
... A74: M24 | B74: Without B5 72h | C74: 10156.112 | D74: 0 | E74: 6143.739 | F74: 0 | G74: 0 | H74: 969.03345 | I74: 325.17212 | J74: 10998.861 | K74: 0 | S74: M24 | T74: Without B5 72h | U74: =(C74-$N$4)/$N$3 -> 0.057166311 | V74: =(D74-$O$12)/$O$11 -> 0.056194925 | W74: =(F74-$O$4)/$O$3 -> 0.021354066 | X74: =(G74-$O$8)/$O$7 -> 0.92069001 | Y74: =(H74-$P$8)/$P$7 -> 0.11368458 | Z74: =(I74-$P$4)/$P$3 -> 0.061732159 | AA74: =(J74-$Q$4)/$Q$3 -> 0.091238216 | AB74: 0 | AW74: M24 | AX74: Without B5 72h | AY74: 72326192 | AZ74: 4.7036037e+08 | BA74: 33646815 | BC74: Without B5 72h | BD74: =AY74/$AT50 -> 53715350 | BE74: =AZ74/$AT50 -> 3.4932811e+08 | BF74: =BA74/$AT50 -> 24988879
I75: 10160.891 | J75: 3758.285

Sheet Calibration curve
B1: FAD | C1: NAD | D1: ATP | E1: SAM | F1: Nominal, uM
A2: G1_P1 | B2: 1.1057116e+08 | C2: 1.2032045e+08 | D2: 19225312 | E2: 1.9031255e+08 | F2: 10
A3: G1_P2 | B3: 43465272 | C3: 50040824 | D3: 7360217 | E3: 82101456 | F3: 4
A4: G1_P3 | B4: 16154460 | C4: 18315503 | D4: 2709344.2 | E4: 24842956 | F4: 1.6
A5: G1_P4 | B5: 5616542 | C5: 6485863.5 | D5: 1004754.5 | E5: 7506536.6 | F5: 0.6
A6: G1_P5 | B6: 2235946.1 | C6: 2577287 | D6: 401645.96 | E6: 1958074.1 | F6: 0.26
A7: G1_P6 | B7: 853249.36 | C7: 1007248.1 | D7: 193077.05 | E7: 1013129.3 | F7: 0.1
A8: G1_P7 | B8: 322991.19 | C8: 379917.79 | D8: 70977.887 | E8: 207597.17 | F8: 0.04
A9: G1_P8 | B9: 123993.6 | C9: 150780.74 | D9: 32858.661 | E9: 13936.88 | F9: 0.02
B10: FAD | C10: NAD | D10: ATP | E10: SAM
A11: Slope | B11: =SLOPE(B2:B9,F2:F9) -> 11091136 | C11: =SLOPE(C2:C9,F2:F9) -> 12114770 | D11: =SLOPE(D2:D9,F2:F9) -> 1922070.6 | E11: =SLOPE(E2:E9,F2:F9) -> 19374853
A12: Intercept | B12: =INTERCEPT(B2:B9,F2:F9) -> -623883.2 | C12: =INTERCEPT(C2:C9,F2:F9) -> -258699.6 | D12: =INTERCEPT(D2:D9,F2:F9) -> -118328.4 | E12: =INTERCEPT(E2:E9,F2:F9) -> -1756728.2
A13: RSQ | B13: =RSQ(B2:B9,F2:F9) -> 0.99981431 | C13: =RSQ(C2:C9,F2:F9) -> 0.99961349 | D13: =RSQ(D2:D9,F2:F9) -> 0.99948337 | E13: =RSQ(E2:E9,F2:F9) -> 0.99767293
B15: FMN | C15: CoA | D15: ADP | F15: Nominal, uM
A16: G2_P1 | B16: 1.1969009e+08 | C16: 6644094.8 | D16: 50583365 | F16: 10
A17: G2_P2 | B17: 44822508 | C17: 2060724.1 | D17: 18015933 | F17: 4
A18: G2_P3 | B18: 17420661 | C18: 267015.87 | D18: 6269493.1 | F18: 1.6
A19: G2_P4 | B19: 6766744.3 | C19: 73260.218 | D19: 2426024 | F19: 0.6
A20: G2_P5 | B20: 3125111.4 | D20: 1038439.8 | F20: 0.26
A21: G2_P6 | B21: 1110701.3 | D21: 405037.62 | F21: 0.1
A22: G2_P7 | B22: 454347.2 | D22: 199896.12 | F22: 0.04
A23: G2_P8 | B23: 164566.43 | D23: 177475.81 | F23: 0.02
B24: FMN | C24: CoA | D24: ADP
A25: Slope | B25: =SLOPE(B16:B23,F16:F23) -> 11920690 | C25: =SLOPE(C16:C23,F16:F23) -> 722610.98 | D25: =SLOPE(D16:D23,F16:F23) -> 5035345.5
A26: Intercept | B26: =INTERCEPT(B16:B23,F16:F23) -> -570892.4 | C26: =INTERCEPT(C16:C23,F16:F23) -> -665300.71 | D26: =INTERCEPT(D16:D23,F16:F23) -> -571472.12
A27: RSQ | B27: =RSQ(B16:B23,F16:F23) -> 0.99927577 | C27: =RSQ(C16:C23,F16:F23) -> 0.99367792 | D27: =RSQ(D16:D23,F16:F23) -> 0.9973947
B29: cFMN | C29: AceCoA | D29: AMP | F29: Nominal, uM
A30: G3_P1 | B30: 1.990323e+08 | C30: 97737040 | D30: 2.0244077e+08 | F30: 10
A31: G3_P2 | B31: 95540661 | C31: 37796478 | D31: 1.0137466e+08 | F31: 4
A32: G3_P3 | B32: 38342592 | C32: 13849365 | D32: 44612157 | F32: 1.6
A33: G3_P4 | B33: 15837757 | C33: 5392721.9 | D33: 16771843 | F33: 0.6
A34: G3_P5 | B34: 5851139.9 | C34: 2047773.4 | D34: 6480378.8 | F34: 0.26
A35: G3_P6 | B35: 2392651.3 | C35: 829172.99 | D35: 2619497.2 | F35: 0.1
A36: G3_P7 | B36: 1036053.1 | C36: 350678.01 | D36: 1097809.6 | F36: 0.04
A37: G3_P8 | B37: 384513.71 | C37: 130111.6 | D37: 493609.64 | F37: 0.02
B38: cFMN | C38: AceCoA | D38: AMP
A39: Slope | B39: =SLOPE(B30:B37,F30:F37) -> 20131434 | C39: =SLOPE(C30:C37,F30:F37) -> 9779161 | D39: =SLOPE(D30:D37,F30:F37) -> 20509113
A40: Intercept | B40: =INTERCEPT(B30:B37,F30:F37) -> 2979154.4 | C40: =INTERCEPT(C30:C37,F30:F37) -> -549539.21 | D40: =INTERCEPT(D30:D37,F30:F37) -> 4378658.7
A41: RSQ | B41: =RSQ(B30:B37,F30:F37) -> 0.99384647 | C41: =RSQ(C30:C37,F30:F37) -> 0.99962154 | D41: =RSQ(D30:D37,F30:F37) -> 0.98918501
B44: ADRR | C44: AceCoA | D44: AMP | F44: Nominal, uM
A45: G3_P1 | B45: 4213004.8 | F45: 10
A46: G3_P2 | B46: 1780536.9 | F46: 4
A47: G3_P3 | B47: 719251.56 | F47: 1.6
A48: G3_P4 | B48: 257169.83 | F48: 0.6
A49: G3_P5 | B49: 98863.415 | F49: 0.26
A50: G3_P6 | B50: 38392.565 | F50: 0.1
A51: G3_P7 | B51: 12141.506 | F51: 0.04
A52: G3_P8 | B52: 7950.7676 | F52: 0.02
B53: ADRR | C53: AceCoA | D53: AMP
A54: Slope | B54: =SLOPE(B45:B52,F45:F52) -> 423580.47 | C54: =SLOPE(C45:C52,F45:F52) -> #DIV/0! | D54: =SLOPE(D45:D52,F45:F52) -> #DIV/0!
A55: Intercept | B55: =INTERCEPT(B45:B52,F45:F52) -> 10925.484 | C55: =INTERCEPT(C45:C52,F45:F52) -> #DIV/0! | D55: =INTERCEPT(D45:D52,F45:F52) -> #DIV/0!
A56: RSQ | B56: =RSQ(B45:B52,F45:F52) -> 0.9994133 | C56: =RSQ(C45:C52,F45:F52) -> #DIV/0! | D56: =RSQ(D45:D52,F45:F52) -> #DIV/0!

Sheet Area (LOQ)
A1: Filename | B1: Panthothenic_acid_B5 | C1: NAM | D1: Rivoflavin_B2 | E1: cFMN | F1: FAD | G1: FMN | H1: NADH | I1: SACH | J1: AceCoA | K1: ADRR | L1: AMP | M1: NAD | N1: CoA | O1: ADP | P1: ATP | Q1: NADP | R1: NMN | S1: NADPH | T1: SAM
A2: 1 | B2: 16659759 | C2: 636057.02 | D2: 0 | E2: 412.22845 | F2: 27735.752 | G2: 1050.1353 | H2: 21191.292 | I2: 5797.1893 | J2: 43432.029 | K2: 111772.93 | L2: 1363676.6 | M2: 5643378.4 | N2: 0 | O2: 2528184.1 | P2: 7049507.3 | Q2: 23755.616 | R2: 0 | S2: 0 | T2: 1785793.2
A3: 2 | B3: 17523720 | C3: 811243.28 | D3: 0 | E3: 0 | F3: 24368.542 | G3: 0 | H3: 61930.218 | I3: 38497.199 | J3: 45280.559 | K3: 97758.374 | L3: 1812859.1 | M3: 5395823.5 | N3: 0 | O3: 2757075.3 | P3: 6458862.9 | Q3: 22262.885 | R3: 0 | S3: 0 | T3: 1937765.3
A4: 3 | B4: 19277570 | C4: 1004545.2 | D4: 4414.9022 | E4: 0 | F4: 31582.57 | G4: 417.42147 | H4: 49737.387 | I4: 64495.365 | J4: 47426.994 | K4: 100310.81 | L4: 4330230.9 | M4: 5817777 | N4: 0 | O4: 3393989.2 | P4: 5581503.8 | Q4: 27383.156 | R4: 0 | S4: 996.56109 | T4: 1725546
A5: 4 | B5: 3598273.1 | C5: 206003.08 | D5: 0 | E5: 0 | F5: 14045.648 | G5: 407.99134 | H5: 298466.3 | I5: 6649.3735 | J5: 53937.083 | K5: 32193.447 | L5: 11624414 | M5: 2530517.3 | N5: 0 | O5: 4295394.3 | P5: 3800643.3 | Q5: 21601.385 | R5: 0 | S5: 23887.577 | T5: 1663980.3
A6: 5 | B6: 3776005.6 | C6: 270496.59 | D6: 0 | E6: 0 | F6: 20195.583 | G6: 431.96766 | H6: 332746.77 | I6: 43870.768 | J6: 84822.216 | K6: 46949.288 | L6: 19253228 | M6: 3596021.2 | N6: 0 | O6: 5841664.1 | P6: 4924612.6 | Q6: 41957.672 | R6: 0 | S6: 37318.4 | T6: 2342424.7
A7: 6 | B7: 3316158.3 | C7: 242142.74 | D7: 0 | E7: 0 | F7: 8534.5758 | G7: 0 | H7: 354257.62 | I7: 4072.8517 | J7: 53556.206 | K7: 43420.215 | L7: 19605768 | M7: 2789562.9 | N7: 0 | O7: 4958380.2 | P7: 3246120.2 | Q7: 22038.204 | R7: 0 | S7: 63092.456 | T7: 2174675.6
A8: 7 | B8: 18287001 | C8: 217237.09 | D8: 0 | E8: 616.21553 | F8: 29026.431 | G8: 496.37016 | H8: 384514.18 | I8: 3357.2109 | J8: 51875.81 | K8: 38908.555 | L8: 522244.75 | M8: 3220476.6 | N8: 0 | O8: 1741403.4 | P8: 7818457.9 | Q8: 26231.475 | R8: 0 | S8: 64267.632 | T8: 2514233.7
A9: 8 | B9: 21173956 | C9: 463399.36 | D9: 0 | E9: 0 | F9: 32899.703 | G9: 1174.0113 | H9: 404488.48 | I9: 8620.4577 | J9: 54251.246 | K9: 42385.261 | L9: 595941.21 | M9: 3376189.5 | N9: 0 | O9: 1864806.8 | P9: 7938589.7 | Q9: 29220.541 | R9: 0 | S9: 73870.498 | T9: 2422343.7
A10: 9 | B10: 21001155 | C10: 234769.04 | D10: 2724.1156 | E10: 0 | F10: 30980.766 | G10: 1022.3442 | H10: 475996.19 | I10: 19475.259 | J10: 51274.573 | K10: 45065.537 | L10: 841256.7 | M10: 3480991.9 | N10: 0 | O10: 1955867.1 | P10: 8574294.7 | Q10: 35690.199 | R10: 0 | S10: 76761.256 | T10: 2505768.6
A11: 10 | B11: 17325204 | C11: 2324404.2 | D11: 849349.89 | E11: 0 | F11: 26245.796 | G11: 957.05275 | H11: 421272.28 | I11: 4969.1902 | J11: 42067.048 | K11: 74879.587 | L11: 523529.95 | M11: 6242309 | N11: 0 | O11: 1883084.9 | P11: 7054215.2 | Q11: 44360.138 | R11: 0 | S11: 77829.453 | T11: 2737751.4
A12: 11 | B12: 14609645 | C12: 1796839.6 | D12: 554884.18 | E12: 0 | F12: 25975.377 | G12: 0 | H12: 411788.01 | I12: 6192.4536 | J12: 49825.874 | K12: 63870.664 | L12: 471835.41 | M12: 5535945.6 | N12: 0 | O12: 1613109.2 | P12: 6606827.8 | Q12: 35585.018 | R12: 0 | S12: 35041.707 | T12: 2319708.7
A13: 12 | B13: 15307385 | C13: 4887364.1 | D13: 1172735.2 | E13: 0 | F13: 24707.941 | G13: 3025.5125 | H13: 521911.84 | I13: 4057.3058 | J13: 60967.033 | K13: 100345.93 | L13: 649339.44 | M13: 6309735.8 | N13: 0 | O13: 1750340.3 | P13: 6929833.9 | Q13: 35225.383 | R13: 0 | S13: 85725.867 | T13: 2558995.6
... A73: M24 | B73: 72326192 | C73: 4.7036037e+08 | D73: 33646815 | E73: 0 | F73: 10156.112 | G73: 414.10501 | H73: 0 | I73: 204879.44 | J73: 0 | K73: 0 | L73: 6143.739 | M73: 0 | N73: 0 | O73: 969.03345 | P73: 325.17212 | Q73: 0 | R73: 0 | S73: 0 | T73: 10998.861

Sheet Area
A1: Filename | B1: Sample Name | C1: Panthothenic_acid_B5 | D1: NAM_B3 | E1: Rivoflavin_B2 | F1: cFMN | G1: FAD | H1: FMN | I1: NADH | J1: SACH | K1: AceCoA | L1: ADPR | M1: AMP | N1: NAD | O1: CoA | P1: ADP | Q1: ATP | R1: NADP | S1: NMN | T1: NADPH | U1: SAM
A2: 1 | B2: Fully supplemented 24h | C2: 16659759 | D2: 636057.02 | E2: 0 | F2: 0 | G2: 0 | H2: 0 | I2: 21191.292 | J2: 5797.1893 | K2: 0 | L2: 111772.93 | M2: 1363676.6 | N2: 5643378.4 | O2: 0 | P2: 2528184.1 | Q2: 7049507.3 | R2: 23755.616 | S2: 0 | T2: 0 | U2: 1785793.2
A3: 2 | B3: Fully supplemented 24h | C3: 17523720 | D3: 811243.28 | E3: 0 | F3: 0 | G3: 0 | H3: 0 | I3: 61930.218 | J3: 38497.199 | K3: 0 | L3: 97758.374 | M3: 1812859.1 | N3: 5395823.5 | O3: 0 | P3: 2757075.3 | Q3: 6458862.9 | R3: 22262.885 | S3: 0 | T3: 0 | U3: 1937765.3
A4: 3 | B4: Fully supplemented 24h | C4: 19277570 | D4: 1004545.2 | E4: 0 | F4: 0 | G4: 0 | H4: 0 | I4: 49737.387 | J4: 64495.365 | K4: 0 | L4: 100310.81 | M4: 4330230.9 | N4: 5817777 | O4: 0 | P4: 3393989.2 | Q4: 5581503.8 | R4: 27383.156 | S4: 0 | T4: 996.56109 | U4: 1725546
A5: 4 | B5: Not supplemented 24h | C5: 3598273.1 | D5: 206003.08 | E5: 0 | F5: 0 | G5: 0 | H5: 0 | I5: 298466.3 | J5: 6649.3735 | K5: 0 | L5: 32193.447 | M5: 11624414 | N5: 2530517.3 | O5: 0 | P5: 4295394.3 | Q5: 3800643.3 | R5: 21601.385 | S5: 0 | T5: 23887.577 | U5: 1663980.3
A6: 5 | B6: Not supplemented 24h | C6: 3776005.6 | D6: 270496.59 | E6: 0 | F6: 0 | G6: 0 | H6: 0 | I6: 332746.77 | J6: 43870.768 | K6: 0 | L6: 46949.288 | M6: 19253228 | N6: 3596021.2 | O6: 0 | P6: 5841664.1 | Q6: 4924612.6 | R6: 41957.672 | S6: 0 | T6: 37318.4 | U6: 2342424.7
A7: 6 | B7: Not supplemented 24h | C7: 3316158.3 | D7: 242142.74 | E7: 0 | F7: 0 | G7: 0 | H7: 0 | I7: 354257.62 | J7: 4072.8517 | K7: 0 | L7: 43420.215 | M7: 19605768 | N7: 2789562.9 | O7: 0 | P7: 4958380.2 | Q7: 3246120.2 | R7: 22038.204 | S7: 0 | T7: 63092.456 | U7: 2174675.6
A8: 7 | B8: Without Nicotinamide 24h | C8: 18287001 | D8: 217237.09 | E8: 0 | F8: 0 | G8: 0 | H8: 0 | I8: 384514.18 | J8: 3357.2109 | K8: 0 | L8: 38908.555 | M8: 522244.75 | N8: 3220476.6 | O8: 0 | P8: 1741403.4 | Q8: 7818457.9 | R8: 26231.475 | S8: 0 | T8: 64267.632 | U8: 2514233.7
A9: 8 | B9: Without Nicotinamide 24h | C9: 21173956 | D9: 463399.36 | E9: 0 | F9: 0 | G9: 0 | H9: 0 | I9: 404488.48 | J9: 8620.4577 | K9: 0 | L9: 42385.261 | M9: 595941.21 | N9: 3376189.5 | O9: 0 | P9: 1864806.8 | Q9: 7938589.7 | R9: 29220.541 | S9: 0 | T9: 73870.498 | U9: 2422343.7
A10: 9 | B10: Without Nicotinamide 24h | C10: 21001155 | D10: 234769.04 | E10: 0 | F10: 0 | G10: 0 | H10: 0 | I10: 475996.19 | J10: 19475.259 | K10: 0 | L10: 45065.537 | M10: 841256.7 | N10: 3480991.9 | O10: 0 | P10: 1955867.1 | Q10: 8574294.7 | R10: 35690.199 | S10: 0 | T10: 76761.256 | U10: 2505768.6
A11: 10 | B11: Without Pantothenic Acid 24h | C11: 17325204 | D11: 2324404.2 | E11: 849349.89 | F11: 0 | G11: 0 | H11: 0 | I11: 421272.28 | J11: 4969.1902 | K11: 0 | L11: 74879.587 | M11: 523529.95 | N11: 6242309 | O11: 0 | P11: 1883084.9 | Q11: 7054215.2 | R11: 44360.138 | S11: 0 | T11: 77829.453 | U11: 2737751.4
A12: 11 | B12: Without Pantothenic Acid 24h | C12: 14609645 | D12: 1796839.6 | E12: 554884.18 | F12: 0 | G12: 0 | H12: 0 | I12: 411788.01 | J12: 6192.4536 | K12: 0 | L12: 63870.664 | M12: 471835.41 | N12: 5535945.6 | O12: 0 | P12: 1613109.2 | Q12: 6606827.8 | R12: 35585.018 | S12: 0 | T12: 35041.707 | U12: 2319708.7
A13: 12 | B13: Without Pantothenic Acid 24h | C13: 15307385 | D13: 4887364.1 | E13: 1172735.2 | F13: 0 | G13: 0 | H13: 0 | I13: 521911.84 | J13: 4057.3058 | K13: 0 | L13: 100345.93 | M13: 649339.44 | N13: 6309735.8 | O13: 0 | P13: 1750340.3 | Q13: 6929833.9 | R13: 35225.383 | S13: 0 | T13: 85725.867 | U13: 2558995.6
... A49: C24 | B49: Without Pantothenic Acid 72h (concentrated) | C49: 48586524 | D49: 28184083 | E49: 5431992.1 | F49: 0 | G49: 642789.43 | H49: 0 | I49: 8802698.7 | J49: 4670280.8 | K49: 794699.81 | L49: 834846.13 | M49: 4511513.4 | N49: 82546128 | O49: 469999.48 | P49: 21848650 | Q49: 51798685 | R49: 808703.55 | S49: 195080.12 | T49: 1095934.6 | U49: 15547619
A50: G1_P1 | C50: 4848454.2 | D50: 23162795 | E50: 54318.261 | F50: 10062168 | G50: 1.1057116e+08 | H50: 578879.85 | I50: 0 | J50: 7623595.1 | K50: 248769.38 | L50: 4213004.8 | M50: 8023673 | N50: 1.2032045e+08 | O50: 0 | P50: 2342486.2 | Q50: 19225312 | R50: 0 | S50: 0 | T50: 0 | U50: 1.9031255e+08
A51: G1_P2 | C51: 83270.287 | D51: 14980663 | E51: 11466.633 | F51: 4325380.4 | G51: 43465272 | H51: 256241.95 | I51: 0 | J51: 3103684.5 | K51: 33553.691 | L51: 1780536.9 | M51: 3277640 | N51: 50040824 | O51: 0 | P51: 952273.43 | Q51: 7360217 | R51: 0 | S51: 0 | T51: 0 | U51: 82101456
A52: G1_P3 | C52: 5014859.9 | D52: 4641429.7 | E52: 0 | F52: 1845243.6 | G52: 16154460 | H52: 112996.7 | I52: 0 | J52: 8651.945 | K52: 10149.107 | L52: 719251.56 | M52: 1244683.9 | N52: 18315503 | O52: 0 | P52: 372243.32 | Q52: 2709344.2 | R52: 0 | S52: 0 | T52: 0 | U52: 24842956
A53: G1_P4 | C53: 4185416.2 | D53: 5315048.9 | E53: 0 | F53: 700023.01 | G53: 5616542 | H53: 52742.859 | I53: 0 | J53: 6076.0089 | K53: 0 | L53: 257169.83 | M53: 438364.3 | N53: 6485863.5 | O53: 0 | P53: 11395.922 | Q53: 1004754.5 | R53: 0 | S53: 0 | T53: 0 | U53: 7506536.6
A54: G1_P5 | C54: 4250095.4 | D54: 2634723 | E54: 0 | F54: 258907.36 | G54: 2235946.1 | H54: 34691.933 | I54: 0 | J54: 3625.4758 | K54: 0 | L54: 98863.415 | M54: 7938.7111 | N54: 2577287 | O54: 0 | P54: 43344.265 | Q54: 401645.96 | R54: 0 | S54: 0 | T54: 0 | U54: 1958074.1
A55: G1_P6 | C55: 4355351.8 | D55: 4658263.3 | E55: 0 | F55: 102852.88 | G55: 853249.36 | H55: 36479.059 | I55: 0 | J55: 8328.0448 | K55: 107736.65 | L55: 38392.565 | M55: 27968.75 | N55: 1007248.1 | O55: 0 | P55: 14191.524 | Q55: 193077.05 | R55: 0 | S55: 0 | T55: 0 | U55: 1013129.3
A56: G1_P7 | C56: 4442793.6 | D56: 3319396.9 | E56: 0 | F56: 33324.088 | G56: 322991.19 | H56: 8545.3001 | I56: 0 | J56: 7664.7551 | K56: 0 | L56: 12141.506 | M56: 21105.221 | N56: 379917.79 | O56: 0 | P56: 2689.9985 | Q56: 70977.887 | R56: 0 | S56: 0 | T56: 0 | U56: 207597.17
A57: G1_P8 | C57: 4906380.7 | D57: 1578645.8 | E57: 0 | F57: 7301.5375 | G57: 123993.6 | H57: 2201.2812 | I57: 0 | J57: 3414.8803 | K57: 0 | L57: 7950.7676 | M57: 3787.7032 | N57: 150780.74 | O57: 0 | P57: 534.06651 | Q57: 32858.661 | R57: 0 | S57: 0 | T57: 0 | U57: 13936.88
A58: G2_P1 | C58: 4129617.7 | D58: 2525231 | E58: 28571049 | F58: 549240.15 | G58: 0 | H58: 1.1969009e+08 | I58: 0 | J58: 3380.2315 | K58: 18036.086 | L58: 0 | M58: 5347543.3 | N58: 35900.861 | O58: 6644094.8 | P58: 50583365 | Q58: 17806.193 | R58: 0 | S58: 0 | T58: 0 | U58: 13538.125
A59: G2_P2 | C59: 21243.961 | D59: 3022350.9 | E59: 11500350 | F59: 212109.08 | G59: 0 | H59: 44822508 | I59: 0 | J59: 4720.8465 | K59: 4275.1328 | L59: 1482.6401 | M59: 2071927.5 | N59: 15837.615 | O59: 2060724.1 | P59: 18015933 | Q59: 23157.023 | R59: 0 | S59: 0 | T59: 0 | U59: 60601.588
A60: G2_P3 | C60: 4860702.4 | D60: 1896230.1 | E60: 4758826.1 | F60: 75920.662 | G60: 0 | H60: 17420661 | I60: 0 | J60: 13278.162 | K60: 0 | L60: 3393.8559 | M60: 757858.62 | N60: 16946.519 | O60: 267015.87 | P60: 6269493.1 | Q60: 33232.455 | R60: 0 | S60: 0 | T60: 0 | U60: 60734.178
A61: G2_P4 | C61: 34525.187 | D61: 1857072.8 | E61: 1718547.9 | F61: 25105.686 | G61: 0 | H61: 6766744.3 | I61: 0 | J61: 5250.3632 | K61: 3222.7719 | L61: 1420.4594 | M61: 261409.89 | N61: 37105.831 | O61: 73260.218 | P61: 2426024 | Q61: 28694.843 | R61: 0 | S61: 0 | T61: 0 | U61: 75642.917
... A73: G3_P8 | C73: 4869456.2 | D73: 1192152.2 | E73: 0 | F73: 384513.71 | G73: 0 | H73: 128635.28 | I73: 0 | J73: 6443.4898 | K73: 130111.6 | L73: 0 | M73: 493609.64 | N73: 0 | O73: 110623.98 | P73: 690906.09 | Q73: 4736.8475 | R73: 0 | S73: 0 | T73: 0 | U73: 2451.8303
A74: M1 | B74: Fully supplemented 24h | C74: 2.0420164e+08 | D74: 4.9966433e+08 | E74: 3974734.2 | F74: 0 | G74: 0 | H74: 0 | I74: 0 | J74: 0 | K74: 0 | L74: 0 | M74: 0 | N74: 0 | O74: 0 | P74: 0 | Q74: 0 | R74: 0 | S74: 0 | T74: 0 | U74: 9778.3794
A75: M2 | B75: Fully supplemented 24h | C75: 2.1473464e+08 | D75: 5.8128693e+08 | E75: 4447746.7 | F75: 0 | G75: 0 | H75: 0 | I75: 0 | J75: 6276.4694 | K75: 0 | L75: 0 | M75: 0 | N75: 0 | O75: 0 | P75: 0 | Q75: 0 | R75: 0 | S75: 0 | T75: 0 | U75: 4059.0446
A76: M3 | B76: Fully supplemented 24h | C76: 1.0367444e+08 | D76: 3.4273354e+08 | E76: 2168142.4 | F76: 0 | G76: 0 | H76: 0 | I76: 0 | J76: 4504.1961 | K76: 0 | L76: 0 | M76: 0 | N76: 0 | O76: 0 | P76: 0 | Q76: 0 | R76: 0 | S76: 0 | T76: 0 | U76: 17747.674
A77: M4 | B77: Not supplemented 24h | C77: 2590849.8 | D77: 1080779.5 | E77: 0 | F77: 0 | G77: 0 | H77: 0 | I77: 0 | J77: 0 | K77: 0 | L77: 0 | M77: 0 | N77: 0 | O77: 0 | P77: 0 | Q77: 0 | R77: 0 | S77: 0 | T77: 0 | U77: 7854.7557
A78: M5 | B78: Not supplemented 24h | C78: 2398577.6 | D78: 1039782.9 | E78: 0 | F78: 0 | G78: 0 | H78: 0 | I78: 0 | J78: 7774.0102 | K78: 0 | L78: 0 | M78: 0 | N78: 0 | O78: 0 | P78: 0 | Q78: 0 | R78: 0 | S78: 0 | T78: 0 | U78: 20884.357
A79: M6 | B79: Not supplemented 24h | C79: 2519326.8 | D79: 859774.42 | E79: 0 | F79: 0 | G79: 0 | H79: 0 | I79: 0 | J79: 0 | K79: 0 | L79: 0 | M79: 0 | N79: 0 | O79: 0 | P79: 0 | Q79: 0 | R79: 0 | S79: 0 | T79: 0 | U79: 5227.9409
A80: M7 | B80: Without Nicotinamide 24h | C80: 2.0274053e+08 | D80: 733273.87 | E80: 7003632 | F80: 0 | G80: 0 | H80: 0 | I80: 0 | J80: 21207.512 | K80: 0 | L80: 0 | M80: 0 | N80: 0 | O80: 0 | P80: 0 | Q80: 0 | R80: 0 | S80: 0 | T80: 0 | U80: 3242.5962
A81: M8 | B81: Without Nicotinamide 24h | C81: 2.2336088e+08 | D81: 799873.88 | E81: 7278530.4 | F81: 0 | G81: 0 | H81: 0 | I81: 0 | J81: 19775.335 | K81: 0 | L81: 0 | M81: 0 | N81: 0 | O81: 0 | P81: 0 | Q81: 0 | R81: 0 | S81: 0 | T81: 0 | U81: 15727.204
A82: M9 | B82: Without Nicotinamide 24h | C82: 2.5293024e+08 | D82: 574352.93 | E82: 11774331 | F82: 0 | G82: 0 | H82: 0 | I82: 0 | J82: 47674.174 | K82: 0 | L82: 0 | M82: 0 | N82: 0 | O82: 0 | P82: 0 | Q82: 0 | R82: 0 | S82: 0 | T82: 0 | U82: 44926.486
A83: M10 | B83: Without Pantothenic Acid 24h | C83: 88517436 | D83: 1.1728417e+09 | E83: 42434029 | F83: 0 | G83: 0 | H83: 0 | I83: 0 | J83: 0 | K83: 0 | L83: 0 | M83: 0 | N83: 0 | O83: 0 | P83: 0 | Q83: 0 | R83: 0 | S83: 0 | T83: 0 | U83: 48944.48
A84: M11 | B84: Without Pantothenic Acid 24h | C84: 77344079 | D84: 7.2379797e+08 | E84: 32836730 | F84: 0 | G84: 0 | H84: 0 | I84: 0 | J84: 0 | K84: 0 | L84: 0 | M84: 0 | N84: 0 | O84: 0 | P84: 0 | Q84: 0 | R84: 0 | S84: 0 | T84: 0 | U84: 6729.4583
A85: M12 | B85: Without Pantothenic Acid 24h | C85: 73850121 | D85: 5.4311496e+08 | E85: 29249388 | F85: 0 | G85: 0 | H85: 0 | I85: 0 | J85: 0 | K85: 0 | L85: 0 | M85: 0 | N85: 0 | O85: 0 | P85: 0 | Q85: 0 | R85: 0 | S85: 0 | T85: 0 | U85: 7152.2997
... A97: M24 | B97: Without Pantothenic Acid 72h | C97: 72326192 | D97: 4.7036037e+08 | E97: 33646815 | F97: 0 | G97: 0 | H97: 0 | I97: 0 | J97: 204879.44 | K97: 0 | L97: 0 | M97: 0 | N97: 0 | O97: 0 | P97: 0 | Q97: 0 | R97: 0 | S97: 0 | T97: 0 | U97: 10998.861

Sheet RT
A1: Filename | B1: Sample Name | C1: Panthothenic_acid_B5 | D1: NAM_B3 | E1: Rivoflavin_B2 | F1: cFMN | G1: FAD | H1: FMN | I1: NADH | J1: SACH | K1: AceCoA | L1: ADRR | M1: AMP | N1: NAD | O1: CoA | P1: ADP | Q1: ATP | R1: NADP | S1: NMN | T1: NADPH | U1: SAM
A2: 1 | B2: Fully supplemented 24h | C2: 0.8585376 | D2: 1.2560645 | E2: NF | F2: NF | G2: 5.2900228 | H2: 5.5428754 | I2: 6.1569276 | J2: 6.6302136 | K2: 6.6808969 | L2: 6.8893498 | M2: 6.6505656 | N2: 7.1623873 | O2: NF | P2: 8.0810125 | Q2: 8.6392879 | R2: 8.8537427 | S2: NF | T2: NF | U2: 9.7912717
A3: 2 | B3: Fully supplemented 24h | C3: 0.85437606 | D3: 1.2792315 | E3: NF | F3: NF | G3: 5.280707 | H3: NF | I3: 6.1510075 | J3: 6.2057633 | K3: 6.6550311 | L3: 6.8800275 | M3: 6.6449833 | N3: 7.1721068 | O3: NF | P3: 8.0841549 | Q3: 8.6408033 | R3: 8.8774853 | S3: NF | T3: NF | U3: 9.7743582
A4: 3 | B4: Fully supplemented 24h | C4: 0.85639703 | D4: 1.2704964 | E4: 2.1197763 | F4: NF | G4: 5.2683219 | H4: 5.22682 | I4: 6.1417035 | J4: 6.1733805 | K4: 6.6023942 | L4: 6.8513613 | M4: 6.6150524 | N4: 7.1470072 | O4: NF | P4: 8.1044446 | Q4: 8.6216121 | R4: 8.8345461 | S4: NF | T4: 8.9197289 | U4: 9.8040104
A5: 4 | B5: Not supplemented 24h | C5: 0.84200492 | D5: 1.3056914 | E5: NF | F5: NF | G5: 5.264894 | H5: 4.9905875 | I5: 6.1186737 | J5: 6.3618118 | K5: 6.4772089 | L5: 6.8689166 | M5: 6.6130495 | N5: 7.1433711 | O5: NF | P5: 8.082592 | Q5: 8.6222278 | R5: 8.835218 | S5: NF | T5: 9.179622 | U5: 9.7979468
A6: 5 | B6: Not supplemented 24h | C6: 0.85383731 | D6: 1.3037823 | E6: NF | F6: NF | G6: 5.2733454 | H6: 5.4029549 | I6: 6.1480917 | J6: 6.2029891 | K6: 6.5059058 | L6: 6.8746138 | M6: 6.6209969 | N6: 7.1654932 | O6: NF | P6: 8.0618581 | Q6: 8.6370605 | R6: 8.8506549 | S6: NF | T6: 9.1506843 | U6: 9.7311925
A7: 6 | B7: Not supplemented 24h | C7: 0.86544367 | D7: 1.2339976 | E7: NF | F7: NF | G7: 5.308066 | H7: NF | I7: 6.2030475 | J7: 6.4668917 | K7: 6.5596704 | L7: 6.9286719 | M7: 6.673063 | N7: 7.1843266 | O7: NF | P7: 8.1212891 | Q7: 8.6789289 | R7: 8.8917483 | S7: NF | T7: 9.0187663 | U7: 9.7823341
A8: 7 | B8: Without Nicotinamide 24h | C8: 0.85797268 | D8: 1.3324841 | E8: NF | F8: NF | G8: 5.2830619 | H8: 5.9390283 | I8: 6.1524354 | J8: 6.3118194 | K8: 6.5504951 | L8: 6.8989929 | M8: 6.6448776 | N8: 7.1721492 | O8: NF | P8: 8.0879724 | Q8: 8.6441601 | R8: 8.8577088 | S8: NF | T8: 8.9447582 | U8: 9.7474843
A9: 8 | B9: Without Nicotinamide 24h | C9: 0.85634563 | D9: 1.3242136 | E9: NF | F9: NF | G9: 5.2878184 | H9: 5.5216293 | I9: 6.1584835 | J9: 6.2133142 | K9: 6.5397287 | L9: 6.9079221 | M9: 6.6522884 | N9: 7.1612497 | O9: NF | P9: 8.0975683 | Q9: 8.6535605 | R9: 8.8682154 | S9: NF | T9: 8.9536607 | U9: 9.810232
A10: 9 | B10: Without Nicotinamide 24h | C10: 0.86042503 | D10: 1.2855803 | E10: 2.0614733 | F10: NF | G10: 5.2499082 | H10: 5.4655983 | I10: 6.1473502 | J10: 6.1583001 | K10: 6.5031707 | L10: 6.8951076 | M10: 6.6392989 | N10: 7.1462184 | O10: NF | P10: 8.0618249 | Q10: 8.6205544 | R10: 8.8576194 | S10: NF | T10: 8.9000671 | U10: 9.8287984
A11: 10 | B11: Without Pantothenic Acid 24h | C11: 0.84735873 | D11: 1.3198055 | E11: 2.0492965 | F11: NF | G11: 5.2591502 | H11: 5.5576794 | I11: 6.1328255 | J11: 7.1251395 | K11: 6.4920751 | L11: 6.8845558 | M11: 6.6468117 | N11: 7.1561125 | O11: NF | P11: 8.1107582 | Q11: 8.6251423 | R11: 8.8611615 | S11: NF | T11: 8.9037091 | U11: 9.7712409
A12: 11 | B12: Without Pantothenic Acid 24h | C12: 0.84420053 | D12: 1.3370431 | E12: 2.029772 | F12: NF | G12: 5.2444047 | H12: NF | I12: 6.1160489 | J12: 6.5022065 | K12: 6.5760667 | L12: 6.8431627 | M12: 6.606879 | N12: 7.1373795 | O12: NF | P12: 8.0271632 | Q12: 8.6061155 | R12: 8.821433 | S12: NF | T12: 9.1586389 | U12: 9.7739471
A13: 12 | B13: Without Pantothenic Acid 24h | C13: 0.84758825 | D13: 1.3276224 | E13: 2.0493032 | F13: NF | G13: 5.3234084 | H13: 5.6005711 | I13: 6.2143837 | J13: 6.3766891 | K13: 6.553365 | L13: 6.9421372 | M13: 6.6889409 | N13: 7.1976438 | O13: NF | P13: 8.1328399 | Q13: 8.687161 | R13: 8.9025845 | S13: NF | T13: 9.0808981 | U13: 9.7412456
A14: 13 | B14: Fully supplemented 72h | C14: 0.86898456 | D14: 1.2291654 | E14: 1.9459585 | F14: NF | G14: 5.2770864 | H14: 5.4892765 | I14: 6.15922 | J14: 6.1930362 | K14: 6.5121781 | L14: 6.8973192 | M14: 7.4287656 | N14: 7.16588 | O14: 7.2477293 | P14: 8.0293617 | Q14: 8.6043245 | R14: 8.8609124 | S14: 8.2750142 | T14: 9.0730465 | U14: 9.8060604
A15: 14 | B15: Fully supplemented 72h | C15: 0.85366866 | D15: 1.2898367 | E15: NF | F15: NF | G15: 5.2675746 | H15: 5.4813523 | I15: 6.1542479 | J15: 6.2091891 | K15: 6.4872123 | L15: 6.8758659 | M15: 6.642076 | N15: 7.1445623 | O15: 7.0616856 | P15: 8.0543414 | Q15: 8.5886629 | R15: 8.8473611 | S15: 8.2794401 | T15: 8.9107669 | U15: 9.7754363
A16: 15 | B16: Fully supplemented 72h | C16: 0.87147097 | D16: 1.2303871 | E16: NF | F16: NF | G16: 5.2599228 | H16: 5.4543464 | I16: 6.1484793 | J16: 6.180077 | K16: 6.5003936 | L16: 6.8672453 | M16: 6.6337342 | N16: 7.156258 | O16: 7.0109527 | P16: 8.0219876 | Q16: 8.600311 | R16: 8.8353531 | S16: NF | T16: 8.9224296 | U16: 9.7676406
A17: 16 | B17: Not supplemented 72h | C17: 0.86003305 | D17: 1.2607036 | E17: NF | F17: NF | G17: 5.2229165 | H17: 5.393482 | I17: 6.1018274 | J17: 6.1757061 | K17: 6.8398057 | L17: 6.8398057 | M17: 6.5866597 | N17: 7.1274372 | O17: NF | P17: 7.9916418 | Q17: 8.5884795 | R17: 8.8232196 | S17: 7.5190305 | T17: 8.8864649 | U17: 9.7451924
A18: 17 | B18: Not supplemented 72h | C18: 0.85511717 | D18: 1.2970683 | E18: NF | F18: NF | G18: 5.3145208 | H18: NF | I18: 6.1784797 | J18: 6.1891964 | K18: 6.5516146 | L18: 6.9172621 | M18: 6.6626888 | N18: 7.164873 | O18: 7.3782236 | P18: 8.0341777 | Q18: 8.6536778 | R18: 8.8679201 | S18: NF | T18: 8.9742903 | U18: 9.7752741
A19: 18 | B19: Not supplemented 72h | C19: 0.87118453 | D19: 1.2332657 | E19: NF | F19: NF | G19: 5.3012154 | H19: NF | I19: 6.1629765 | J19: 6.1736407 | K19: 6.5954131 | L19: 6.8786405 | M19: 6.6455044 | N19: 7.1668696 | O19: 7.1875675 | P19: 7.9907621 | Q19: 8.6098872 | R19: 8.8442023 | S19: NF | T19: 8.929383 | U19: 9.7692712
A20: 19 | B20: Without Nicotinamide 72h | C20: 0.84475496 | D20: 1.3553014 | E20: 2.1081882 | F20: NF | G20: 5.25519 | H20: 5.4880176 | I20: 6.1548507 | J20: 6.1655984 | K20: 6.4866151 | L20: 6.8717022 | M20: 6.6408869 | N20: 7.1589106 | O20: 7.0766945 | P20: 8.043563 | Q20: 8.5955719 | R20: 8.8314473 | S20: NF | T20: 8.9158282 | U20: 9.7607184
A21: 20 | B21: Without Nicotinamide 72h | C21: 0.84889713 | D21: 1.3365172 | E21: 2.0424142 | F21: NF | G21: 5.2501909 | H21: 5.4412166 | I21: 6.1305205 | J21: 6.1830221 | K21: 6.502922 | L21: 6.8491176 | M21: 6.616165 | N21: 7.1382824 | O21: 7.0326664 | P21: 8.0073953 | Q21: 8.5858894 | R21: 8.8439293 | S21: NF | T21: 8.9100122 | U21: 9.7516461
A22: 21 | B22: Without Nicotinamide 72h | C22: 0.85303766 | D22: 1.3170078 | E22: 1.9186182 | F22: NF | G22: 5.2502398 | H22: 5.4643926 | I22: 6.1381171 | J22: 6.1691317 | K22: 6.5524707 | L22: 6.8566916 | M22: 6.6238179 | N22: 7.1450416 | O22: 7.3766484 | P22: 8.010613 | Q22: 8.5862362 | R22: 8.8407658 | S22: NF | T22: 8.9053758 | U22: 9.7496327
A23: 22 | B23: Without Pantothenic Acid 72h | C23: 0.84500546 | D23: 1.3655729 | E23: 2.0913367 | F23: NF | G23: 5.2986321 | H23: 5.5338952 | I23: 6.1839512 | J23: 6.1971843 | K23: 6.5597049 | L23: 6.923267 | M23: 6.6725519 | N23: 7.1713613 | O23: 7.3382538 | P23: 8.0557346 | Q23: 8.6529327 | R23: 8.8892375 | S23: 8.3212661 | T23: 9.2161184 | U23: 9.8073081
A24: 23 | B24: Without Pantothenic Acid 72h | C24: 0.84125423 | D24: 1.3709153 | E24: 2.0981875 | F24: NF | G24: 5.2608083 | H24: 5.494238 | I24: 6.1609168 | J24: 6.1716522 | K24: 6.900066 | L24: 6.900066 | M24: 6.6482427 | N24: 7.1663413 | O24: 7.0648129 | P24: 8.0744498 | Q24: 8.630067 | R24: 8.8643341 | S24: 8.4055226 | T24: 8.9511733 | U24: 9.8020196
A25: 24 | B25: Without Pantothenic Acid 72h | C25: 0.85417387 | D25: 1.3124501 | E25: 2.00001 | F25: NF | G25: 5.2427886 | H25: 5.4995221 | I25: 6.1300263 | J25: 6.2029945 | K25: 6.481501 | L25: 6.8680609 | M25: 6.6140584 | N25: 7.1541987 | O25: 7.0941073 | P25: 8.059405 | Q25: 8.5931264 | R25: 8.8486289 | S25: NF | T25: 8.8919953 | U25: 9.8096143
A26: Blank_01 | C26: 0.81721205 | D26: 1.6343901 | E26: NF | F26: NF | G26: NF | H26: NF | I26: NF | J26: NF | K26: NF | L26: NF | M26: NF | N26: NF | O26: NF | P26: 8.8740814 | Q26: 9.1742833 | R26: NF | S26: NF | T26: NF | U26: 9.7230338
A27: Blank_07 | C27: 1.179134 | D27: 1.6292539 | E27: NF | F27: NF | G27: NF | H27: NF | I27: NF | J27: 6.9960495 | K27: NF | L27: NF | M27: NF | N27: NF | O27: NF | P27: 8.7809979 | Q27: 8.8872805 | R27: NF | S27: NF | T27: NF | U27: 9.903034
A28: Blank_08 | C28: 0.81184936 | D28: 1.8525466 | E28: NF | F28: 3.2013646 | G28: NF | H28: NF | I28: NF | J28: 6.6369251 | K28: NF | L28: 7.0711638 | M28: 6.9325689 | N28: 7.2857914 | O28: NF | P28: 8.702803 | Q28: 8.9797365 | R28: NF | S28: NF | T28: 9.3375529 | U28: 9.8085996
A29: Blank_10 | C29: 0.81098723 | D29: 1.6298691 | E29: NF | F29: NF | G29: NF | H29: 5.7410128 | I29: NF | J29: 6.6247983 | K29: NF | L29: NF | M29: 6.8592033 | N29: NF | O29: 7.4223931 | P29: 8.4726425 | Q29: 8.9463247 | R29: NF | S29: NF | T29: NF | U29: 9.7345819
A30: Blank_11 | C30: 0.81122035 | D30: 1.6335835 | E30: NF | F30: NF | G30: NF | H30: NF | I30: NF | J30: 6.4854532 | K30: NF | L30: 6.9246734 | M30: 6.7217164 | N30: 7.1613198 | O30: NF | P30: 8.2404082 | Q30: 8.7984443 | R30: 8.9492996 | S30: NF | T30: NF | U30: 9.8205539
A31: Blank_12 | C31: 0.80713746 | D31: 1.6327383 | E31: NF | F31: NF | G31: NF | H31: NF | I31: NF | J31: 6.5809513 | K31: NF | L31: NF | M31: 6.6664424 | N31: 7.146462 | O31: NF | P31: 8.2156839 | Q31: 8.7079598 | R31: NF | S31: NF | T31: NF | U31: 9.9324267
A32: Blank_12 | C32: 0.80713746 | D32: 1.6327383 | E32: NF | F32: NF | G32: NF | H32: NF | I32: NF | J32: 6.5809513 | K32: NF | L32: NF | M32: 6.6664424 | N32: 7.146462 | O32: NF | P32: 8.2156839 | Q32: 8.7079598 | R32: NF | S32: NF | T32: NF | U32: 9.9324267
A33: Blank_21 | C33: 0.81066058 | D33: 1.8945513 | E33: NF | F33: 2.4234521 | G33: NF | H33: 5.17024 | I33: NF | J33: 7.0911731 | K33: NF | L33: NF | M33: NF | N33: NF | O33: NF | P33: 8.4234141 | Q33: NF | R33: NF | S33: NF | T33: NF | U33: 9.7661012
A34: Blank_a10 | C34: 0.8098628 | D34: 1.6278431 | E34: NF | F34: NF | G34: NF | H34: 5.7403927 | I34: NF | J34: 6.8150292 | K34: 6.8250771 | L34: NF | M34: 6.8150292 | N34: NF | O34: 7.4655145 | P34: 8.8376865 | Q34: 9.1312512 | R34: NF | S34: NF | T34: NF | U34: 9.7211621
A35: C01 | B35: Fully supplemented 24h (concentrated) | C35: 0.84315273 | D35: 1.5661212 | E35: 2.2367291 | F35: NF | G35: 5.4341473 | H35: 5.6051732 | I35: 6.3303102 | J35: 6.6409559 | K35: 6.6706767 | L35: 7.0335784 | M35: 6.7625612 | N35: 7.2582059 | O35: 7.1783065 | P35: 7.9195413 | Q35: 8.7335044 | R35: 8.9684404 | S35: 8.2962554 | T35: 9.0833294 | U35: 9.675675
A36: C02 | B36: Fully supplemented 24h (concentrated) | C36: 0.86695645 | D36: 1.5307665 | E36: 2.2161805 | F36: NF | G36: 5.4632507 | H36: 5.6550327 | I36: 6.3582155 | J36: 6.2853389 | K36: 6.7427151 | L36: 7.066038 | M36: 6.8129914 | N36: 7.2924364 | O36: 7.2732886 | P36: 8.0353585 | Q36: 8.7868118 | R36: 9.0232062 | S36: 8.3899728 | T36: 9.1071055 | U36: 9.761678
A37: C03 | B37: Fully supplemented 24h (concentrated) | C37: 0.8624323 | D37: 1.5081717 | E37: 2.2203751 | F37: NF | G37: 5.4075166 | H37: 5.6004755 | I37: 6.2867897 | J37: 6.2535941 | K37: 6.7710678 | L37: 6.9923018 | M37: 6.7410326 | N37: 7.2412085 | O37: NF | P37: 7.9377641 | Q37: 8.7292985 | R37: 8.9401698 | S37: 8.3100843 | T37: 9.0300862 | U37: 9.710971
A38: C04 | B38: Not supplemented 24h (concentrated) | C38: 0.8153909 | D38: 1.6169481 | E38: NF | F38: NF | G38: 5.4214936 | H38: 5.5929195 | I38: 6.3186419 | J38: 6.2438175 | K38: 6.6805727 | L38: 7.0231268 | M38: 6.7528536 | N38: 7.2524001 | O38: 7.2328002 | P38: 7.9174207 | Q38: 8.7326881 | R38: 8.9679053 | S38: 8.2950346 | T38: 9.0657152 | U38: 9.7437544
A39: C05 | B39: Not supplemented 24h (concentrated) | C39: 0.84038691 | D39: 1.5516487 | E39: NF | F39: NF | G39: 5.4681227 | H39: 5.6587194 | I39: 6.3584771 | J39: 6.2628799 | K39: 6.7219956 | L39: 7.0636726 | M39: 6.7943245 | N39: 7.2733732 | O39: 7.2528069 | P39: 7.9602208 | Q39: 8.7774237 | R39: 8.9909036 | S39: 8.2951643 | T39: 9.1116672 | U39: 9.6875819
A40: C06 | B40: Not supplemented 24h (concentrated) | C40: 0.84271638 | D40: 1.5520219 | E40: NF | F40: NF | G40: 5.4144567 | H40: 5.5855369 | I40: 6.2876032 | J40: 6.2336948 | K40: 6.6478153 | L40: 6.9931941 | M40: 6.7404061 | N40: 7.2398301 | O40: 7.1984138 | P40: 7.9107047 | Q40: 8.7273055 | R40: 8.9396207 | S40: 8.2889083 | T40: 9.0586117 | U40: 9.7020385
A41: C07 | B41: Without Nicotinamide 24h (concentrated) | C41: 0.83285493 | D41: 1.568065 | E41: 2.2820124 | F41: NF | G41: 5.5072385 | H41: 5.6755124 | I41: 6.3807285 | J41: 6.2614564 | K41: 6.7593197 | L41: 7.0794697 | M41: 6.8109942 | N41: 7.2847412 | O41: 7.2441123 | P41: 7.9883678 | Q41: 8.7796314 | R41: 9.0147026 | S41: 8.3033367 | T41: 9.1153063 | U41: 9.688898
A42: C08 | B42: Without Nicotinamide 24h (concentrated) | C42: 0.820139 | D42: 1.5759483 | E42: 2.2767143 | F42: NF | G42: 5.4570307 | H42: 5.6264087 | I42: 6.3490582 | J42: 6.2534132 | K42: 6.6900517 | L42: 7.0498162 | M42: 6.7820844 | N42: 7.2579105 | O42: 7.1977859 | P42: 7.9379017 | Q42: 8.7463611 | R42: 8.9814197 | S42: 8.2914784 | T42: 9.0909836 | U42: 9.6869192
A43: C09 | B43: Without Nicotinamide 24h (concentrated) | C43: 0.84291668 | D43: 1.5459847 | E43: 2.2623777 | F43: NF | G43: 5.4377129 | H43: 5.6075973 | I43: 6.3308551 | J43: 6.2562804 | K43: 6.6711653 | L43: 7.0304168 | M43: 6.7610184 | N43: 7.2562716 | O43: 7.1941803 | P43: 7.9295213 | Q43: 8.7314932 | R43: 8.9656875 | S43: 8.30325 | T43: 9.082297 | U43: 9.7148926
A44: C10 | B44: Without Pantothenic Acid 24h (concentrated) | C44: 0.92760553 | D44: 1.4025607 | E44: 2.198776 | F44: NF | G44: 5.459719 | H44: 5.6501404 | I44: 6.3513546 | J44: 6.2555551 | K44: 6.7168583 | L44: 7.0587894 | M44: 6.7872246 | N44: 7.2652193 | O44: 7.2275862 | P44: 7.9756916 | Q44: 8.7659947 | R44: 9.0014494 | S44: 8.3309999 | T44: 9.089355 | U44: 9.741134
A45: C11 | B45: Without Pantothenic Acid 24h (concentrated) | C45: 0.84168082 | D45: 1.5535757 | E45: 2.2447879 | F45: NF | G45: 5.4969453 | H45: 5.6661213 | I45: 6.3893687 | J45: 6.2747943 | K45: 6.7109039 | L45: 7.0756265 | M45: 6.8037346 | N45: 7.2798065 | O45: 7.2612982 | P45: 7.9795623 | Q45: 8.7678924 | R45: 9.0236615 | S45: 8.3114767 | T45: 9.1237816 | U45: 9.7116006
A46: C12 | B46: Without Pantothenic Acid 24h (concentrated) | C46: 0.81553013 | D46: 1.617033 | E46: 2.2948996 | F46: NF | G46: 5.4253453 | H46: 5.6183711 | I46: 6.2988917 | J46: 6.2448504 | K46: 6.6611767 | L46: 7.0045493 | M46: 6.7536322 | N46: 7.2470853 | O46: 7.1903085 | P46: 7.9080935 | Q46: 8.7126172 | R46: 8.9486324 | S46: 8.324824 | T46: 9.061817 | U46: 9.7229873
A47: C13 | B47: Fully supplemented 72h (concentrated) | C47: 0.8697019 | D47: 1.5053226 | E47: 2.2211906 | F47: NF | G47: 5.4269215 | H47: 5.5959391 | I47: 6.3002573 | J47: 6.2296432 | K47: 6.7040797 | L47: 7.0077674 | M47: 6.7634857 | N47: 7.2388613 | O47: 7.2058119 | P47: 7.9006007 | Q47: 8.7051186 | R47: 8.9638604 | S47: 8.2901667 | T47: 9.0527618 | U47: 9.7259447
A48: C14 | B48: Fully supplemented 72h (concentrated) | C48: 0.89263743 | D48: 1.4922478 | E48: 2.2372157 | F48: NF | G48: 5.4778089 | H48: 5.6651596 | I48: 6.3688695 | J48: 6.2797411 | K48: 6.7506523 | L48: 7.0742086 | M48: 6.8104917 | N48: 7.2846717 | O48: 7.2846717 | P48: 7.9864733 | Q48: 8.7541368 | R48: 9.0284018 | S48: 8.336375 | T48: 9.1152117 | U48: 9.7013912
A49: C15 | B49: Fully supplemented 72h (concentrated) | C49: 0.83822203 | D49: 1.5581881 | E49: 2.2574441 | F49: NF | G49: 5.4062689 | H49: 5.5751802 | I49: 6.2830462 | J49: 6.2125844 | K49: 6.6296543 | L49: 6.9901688 | M49: 6.7526388 | N49: 7.2220629 | O49: 7.1891319 | P49: 7.8783189 | Q49: 8.6811951 | R49: 8.9205059 | S49: 8.2643142 | T49: 9.0359613 | U49: 9.6128722
A50: C16 | B50: Not supplemented 72h (concentrated) | C50: 1.1552714 | D50: 1.5706809 | E50: NF | F50: NF | G50: 5.4557471 | H50: 5.6423957 | I50: 6.34227 | J50: 6.2278002 | K50: 6.6755887 | L50: 7.0539196 | M50: 6.7935903 | N50: 7.2567495 | O50: 7.2165144 | P50: 7.9332676 | Q50: 8.7337083 | R50: 8.9875378 | S50: 8.3070466 | T50: 9.1250099 | U50: 9.6492478
A51: C17 | B51: Not supplemented 72h (concentrated) | C51: 0.82775255 | D51: 1.5748205 | E51: NF | F51: NF | G51: 5.4344696 | H51: 5.5421272 | I51: 6.3287574 | J51: 6.2350495 | K51: 6.6739926 | L51: 7.0238881 | M51: 6.7836774 | N51: 7.2473846 | O51: 7.207087 | P51: 7.9116698 | Q51: 8.7275872 | R51: 8.961146 | S51: 8.2925607 | T51: 9.0742808 | U51: 9.7342992
A52: C18 | B52: Not supplemented 72h (concentrated) | C52: 1.0083097 | D52: 1.3359573 | E52: NF | F52: NF | G52: 5.378616 | H52: 5.5922165 | I52: 6.2612599 | J52: 6.2309663 | K52: 6.6568157 | L52: 6.9699929 | M52: 6.724465 | N52: 7.2161911 | O52: 7.1346356 | P52: 7.9300489 | Q52: 8.6982918 | R52: 8.9346818 | S52: NF | T52: 9.0368415 | U52: 9.7356846
A53: C19 | B53: Without Nicotinamide 72h (concentrated) | C53: 0.81897957 | D53: 1.5848138 | E53: 2.2661387 | F53: NF | G53: 5.4845879 | H53: 5.6702367 | I53: 6.3797653 | J53: 6.241937 | K53: 6.708032 | L53: 7.0753815 | M53: 6.833508 | N53: 7.277251 | O53: 7.2369285 | P53: 7.9629318 | Q53: 8.7493057 | R53: 9.0156227 | S53: 8.3528834 | T53: 9.1140014 | U53: 9.6645223
A54: C20 | B54: Without Nicotinamide 72h (concentrated) | C54: 0.83141428 | D54: 1.5728513 | E54: 2.24733 | F54: NF | G54: 5.4810043 | H54: 5.6471824 | I54: 6.3510296 | J54: 6.2362927 | K54: 6.7511834 | L54: 7.0603084 | M54: 6.8266264 | N54: 7.2610152 | O54: 7.2208032 | P54: 7.9388045 | Q54: 8.7438739 | R54: 8.9893849 | S54: 8.2845542 | T54: 9.0970988 | U54: 9.6277846
A55: C21 | B55: Without Nicotinamide 72h (concentrated) | C55: 0.86287003 | D55: 1.5085572 | E55: 2.2434755 | F55: NF | G55: 5.45415 | H55: 5.6202844 | I55: 6.3216837 | J55: 6.2276425 | K55: 6.6746208 | L55: 7.0184393 | M55: 6.7863929 | N55: 7.2396026 | O55: 7.199453 | P55: 7.9174439 | Q55: 8.700924 | R55: 8.941535 | S55: 8.2631979 | T55: 9.0556906 | U55: 9.6306551
A56: C22 | B56: Without Pantothenic Acid 72h (concentrated) | C56: 0.842877 | D56: 1.5625037 | E56: 2.2606905 | F56: NF | G56: 5.5014251 | H56: 5.6673407 | I56: 6.3925941 | J56: 6.2563429 | K56: 6.7223149 | L56: 7.0826043 | M56: 6.8289703 | N56: 7.2743884 | O56: 7.2412677 | P56: 7.9829065 | Q56: 8.7689095 | R56: 9.0147683 | S56: 8.3302353 | T56: 9.1134011 | U56: 9.6428641
A57: C23 | B57: Without Pantothenic Acid 72h (concentrated) | C57: 0.85963057 | D57: 1.5268887 | E57: 2.2406755 | F57: NF | G57: 5.4516022 | H57: 5.6192074 | I57: 6.3250692 | J57: 6.2317843 | K57: 6.6747649 | L57: 7.0161043 | M57: 6.7748223 | N57: 7.2466403 | O57: 7.1965239 | P57: 7.9065984 | Q57: 8.6982015 | R57: 8.9397122 | S57: 8.2763231 | T57: 9.087776 | U57: 9.6540532
A58: C24 | B58: Without Pantothenic Acid 72h (concentrated) | C58: 0.83470803 | D58: 1.5534971 | E58: 2.2431235 | F58: NF | G58: 5.4809168 | H58: 5.645301 | I58: 6.3698211 | J58: 6.2562677 | K58: 6.7198271 | L58: 7.0656937 | M58: 6.8270658 | N58: 7.2762338 | O58: 7.2428364 | P58: 7.9567004 | Q58: 8.7486844 | R58: 8.9953162 | S58: 8.306752 | T58: 9.0995779 | U58: 9.683172
A59: G1_P1 | C59: 0.8163506 | D59: 1.6276807 | E59: 2.2788283 | F59: 2.7480752 | G59: 5.4493574 | H59: 5.7054182 | I59: NF | J59: 6.3112057 | K59: 6.8538896 | L59: 7.0673527 | M59: 6.8671791 | N59: 7.2834531 | O59: NF | P59: 8.4615101 | Q59: 8.8685283 | R59: NF | S59: NF | T59: NF | U59: 9.6333522
A60: G1_P2 | C60: 1.1635803 | D60: 1.6132565 | E60: 2.2963231 | F60: 2.7498722 | G60: 5.4553101 | H60: 5.7176687 | I60: NF | J60: 6.3037482 | K60: 6.8237782 | L60: 7.0777597 | M60: 6.855559 | N60: 7.301127 | O60: NF | P60: 8.5746624 | Q60: 8.9199141 | R60: NF | S60: NF | T60: NF | U60: 9.695611
A61: G1_P3 | C61: 0.81164576 | D61: 1.6166527 | E61: NF | F61: 2.7473286 | G61: 5.4570564 | H61: 5.7059382 | I61: NF | J61: 6.7168982 | K61: 6.7897871 | L61: 7.0865686 | M61: 6.8646241 | N61: 7.2960941 | O61: NF | P61: 8.531636 | Q61: 8.9619122 | R61: NF | S61: NF | T61: NF | U61: 9.7798735
A62: G1_P4 | C62: 0.80597595 | D62: 1.6140788 | E62: NF | F62: 2.7493068 | G62: 5.4675156 | H62: 5.7205912 | I62: NF | J62: 6.7729735 | K62: NF | L62: 7.0815363 | M62: 6.8593417 | N62: 7.3150284 | O62: NF | P62: 7.3150284 | Q62: 9.0030503 | R62: NF | S62: NF | T62: NF | U62: 9.7916368
A63: G1_P5 | C63: 0.80656805 | D63: 1.6305707 | E63: NF | F63: 2.7362615 | G63: 5.4693809 | H63: 5.7027021 | I63: NF | J63: 6.861111 | K63: NF | L63: 7.0836054 | M63: 7.2029608 | N63: 7.3181455 | O63: NF | P63: 8.5604268 | Q63: 9.0122113 | R63: NF | S63: NF | T63: NF | U63: 9.7676293
A64: G1_P6 | C64: 0.80640582 | D64: 1.62679 | E64: NF | F64: 2.7355559 | G64: 5.4656294 | H64: 5.7191963 | I64: NF | J64: 6.6022237 | K64: 6.7842599 | L64: 7.1020934 | M64: 6.8371889 | N64: 7.3163462 | O64: NF | P64: 8.9029603 | Q64: 8.9887244 | R64: NF | S64: NF | T64: NF | U64: 9.8846331
A65: G1_P7 | C65: 0.80891226 | D65: 1.6333132 | E65: NF | F65: 2.7484433 | G65: 5.4737292 | H65: 5.7484629 | I65: NF | J65: 6.7364352 | K65: NF | L65: 7.1094181 | M65: 6.8869136 | N65: 7.3227147 | O65: NF | P65: 8.6691453 | Q65: 9.0991111 | R65: NF | S65: NF | T65: NF | U65: 9.7525215
A66: G1_P8 | C66: 0.80571606 | D66: 1.6288149 | E66: NF | F66: 2.7594262 | G66: 5.4811748 | H66: 5.7547415 | I66: NF | J66: 7.1461031 | K66: NF | L66: 7.0713036 | M66: 6.9327316 | N66: 7.3269251 | O66: NF | P66: 8.7193011 | Q66: 9.0531614 | R66: NF | S66: NF | T66: NF | U66: 9.7408756
A67: G2_P1 | C67: 0.81006798 | D67: 1.6174711 | E67: 2.2821436 | F67: 2.4557073 | G67: NF | H67: 5.6780209 | I67: NF | J67: 6.6310957 | K67: 6.7670741 | L67: NF | M67: 6.8439548 | N67: 7.281502 | O67: 7.2604043 | P67: 8.2656037 | Q67: 8.8466811 | R67: NF | S67: NF | T67: NF | U67: 9.8544952
A68: G2_P2 | C68: 1.1805845 | D68: 1.6244438 | E68: 2.2986351 | F68: 2.495288 | G68: NF | H68: 5.6844751 | I68: NF | J68: 6.7102224 | K68: 6.7620096 | L68: 7.0387098 | M68: 6.8802983 | N68: 7.2955873 | O68: 7.2510147 | P68: 8.3891591 | Q68: 9.0136134 | R68: NF | S68: NF | T68: NF | U68: 9.7016503
A69: G2_P3 | C69: 0.80613263 | D69: 1.6300916 | E69: 2.2888975 | F69: 2.4869257 | G69: NF | H69: 5.6991084 | I69: NF | J69: 6.3404979 | K69: NF | L69: 7.0323535 | M69: 6.873319 | N69: 7.3074058 | O69: 7.2646166 | P69: 8.4676605 | Q69: 9.0029216 | R69: NF | S69: NF | T69: NF | U69: 9.8136912
A70: G2_P4 | C70: 1.1772973 | D70: 1.6247024 | E70: 2.2986187 | F70: 2.4950841 | G70: NF | H70: 5.6904961 | I70: NF | J70: 6.5911904 | K70: 6.8563718 | L70: 7.0502913 | M70: 6.8911841 | N70: 7.3047918 | O70: 7.2617441 | P70: 8.5021108 | Q70: 8.9953616 | R70: NF | S70: NF | T70: NF | U70: 9.669876
A71: G2_P5 | C71: 0.81578725 | D71: 1.6129131 | E71: 2.2820943 | F71: 2.5463843 | G71: NF | H71: 5.7038278 | I71: NF | J71: 6.798439 | K71: NF | L71: 7.0638187 | M71: 6.8848531 | N71: 7.2999609 | O71: 7.2765901 | P71: 8.4994237 | Q71: 8.9928285 | R71: NF | S71: NF | T71: NF | U71: 9.9845971
A72: G2_P6 | C72: 0.81075508 | D72: 1.6249975 | E72: 2.2762535 | F72: 2.7436757 | G72: NF | H72: 5.7041121 | I72: NF | J72: 6.4985734 | K72: NF | L72: 7.063253 | M72: 7.2451746 | N72: 7.2975702 | O72: NF | P72: 8.6025573 | Q72: 9.0338939 | R72: NF | S72: NF | T72: NF | U72: 9.8351218
A73: G2_P7 | C73: 0.81225076 | D73: 1.623579 | E73: 2.2843827 | F73: 2.7258131 | G73: NF | H73: 5.691335 | I73: NF | J73: 6.0416433 | K73: NF | L73: 7.0269344 | M73: 6.8047483 | N73: 7.3055911 | O73: NF | P73: 8.5229619 | Q73: 9.0521521 | R73: NF | S73: NF | T73: NF | U73: 9.8693739
A74: G2_P8 | C74: 0.80547565 | D74: 1.6184873 | E74: 2.2945909 | F74: NF | G74: NF | H74: 5.7152826 | I74: NF | J74: 6.6160912 | K74: NF | L74: 7.1155066 | M74: 7.2130143 | N74: 7.307349 | O74: NF | P74: 8.7629915 | Q74: 9.0553874 | R74: NF | S74: NF | T74: NF | U74: 9.6924873
A75: G3_P1 | C75: 0.8095866 | D75: 1.6188876 | E75: 2.2822583 | F75: 2.7708338 | G75: 5.3827186 | H75: 5.6519523 | I75: NF | J75: 7.0726657 | K75: 6.6842683 | L75: NF | M75: 6.7888612 | N75: NF | O75: 7.2520958 | P75: 8.4163486 | Q75: 8.8857162 | R75: NF | S75: NF | T75: NF | U75: 9.8447474
A76: G3_P2 | C76: 0.80975408 | D76: 1.6034362 | E76: 2.2835211 | F76: 2.7317347 | G76: 5.3752526 | H76: 5.6692778 | I76: NF | J76: 6.0581398 | K76: 6.7178208 | L76: NF | M76: 6.8078889 | N76: 7.2646318 | O76: 7.3720621 | P76: 8.3986532 | Q76: 9.2675538 | R76: NF | S76: NF | T76: NF | U76: 9.8210624
A77: G3_P3 | C77: 0.80686285 | D77: 1.6150389 | E77: 2.2233682 | F77: 2.7093147 | G77: NF | H77: 5.6572138 | I77: NF | J77: 7.0019529 | K77: 6.7152692 | L77: NF | M77: 6.8109998 | N77: NF | O77: NF | P77: 8.1007309 | Q77: 9.1097117 | R77: NF | S77: NF | T77: NF | U77: 9.9946642
A78: G3_P4 | C78: 0.80974748 | D78: 1.6212337 | E78: 2.2726754 | F78: 2.7026142 | G78: NF | H78: 5.671634 | I78: NF | J78: 6.7898514 | K78: 6.7344956 | L78: NF | M78: 6.8108576 | N78: 7.2694234 | O78: NF | P78: 8.6862763 | Q78: 8.9226436 | R78: NF | S78: NF | T78: NF | U78: 9.9849218
A79: G3_P5 | C79: 0.80916221 | D79: 1.6189924 | E79: NF | F79: 2.6958079 | G79: NF | H79: 5.6825068 | I79: NF | J79: 6.6712439 | K79: 6.7241998 | L79: NF | M79: 6.8219887 | N79: 7.279619 | O79: 8.1178301 | P79: 8.0088058 | Q79: 8.9322162 | R79: NF | S79: NF | T79: NF | U79: 9.9355387
A80: G3_P6 | C80: 0.80714208 | D80: 1.6228138 | E80: NF | F80: 2.701488 | G80: NF | H80: 5.6748055 | I80: NF | J80: 6.7682151 | K80: 6.7150091 | L80: NF | M80: 6.833279 | N80: NF | O80: 7.4197646 | P80: 7.848439 | Q80: 9.0965265 | R80: NF | S80: NF | T80: NF | U80: 9.918269
A81: G3_P7 | C81: 0.8111306 | D81: 1.6103503 | E81: 2.804503 | F81: 2.7162285 | G81: NF | H81: 5.687319 | I81: NF | J81: 6.5077781 | K81: 6.7520868 | L81: NF | M81: 6.8262719 | N81: 7.2872022 | O81: 7.5213193 | P81: 7.6718455 | Q81: 9.1227504 | R81: NF | S81: NF | T81: NF | U81: 9.8450707
A82: G3_P8 | C82: 0.80775092 | D82: 1.6233368 | E82: NF | F82: 2.7050213 | G82: NF | H82: 5.7032534 | I82: NF | J82: 6.2866474 | K82: 6.7218612 | L82: NF | M82: 6.8383708 | N82: NF | O82: 7.3618694 | P82: 8.6479963 | Q82: 9.1460262 | R82: NF | S82: NF | T82: NF | U82: 9.8315363
A83: M01 | B83: Fully supplemented 24h (medium) | C83: 0.84058928 | D83: 1.3899189 | E83: 2.1289073 | F83: NF | G83: 5.4902539 | H83: 6.5366491 | I83: NF | J83: NF | K83: NF | L83: NF | M83: NF | N83: NF | O83: NF | P83: 7.7648117 | Q83: 7.6595455 | R83: NF | S83: NF | T83: NF | U83: 9.6293242
A84: M02 | B84: Fully supplemented medium 24h (medium) | C84: 0.84248192 | D84: 1.3640767 | E84: 2.0797111 | F84: NF | G84: 5.5060219 | H84: NF | I84: NF | J84: 6.604331 | K84: NF | L84: 6.8472795 | M84: NF | N84: NF | O84: NF | P84: 7.8365688 | Q84: 8.5518182 | R84: NF | S84: NF | T84: NF | U84: 9.7170439
A85: M03 | B85: Fully supplemented 24h (medium) | C85: 0.88007887 | D85: 1.3992899 | E85: 2.1694308 | F85: NF | G85: NF | H85: NF | I85: NF | J85: 6.417967 | K85: NF | L85: 6.8591745 | M85: NF | N85: NF | O85: NF | P85: 7.8296991 | Q85: 7.6406838 | R85: NF | S85: NF | T85: NF | U85: 9.8890209
A86: M04 | B86: Not supplemented 24h (medium) | C86: 0.83791483 | D86: 1.4154801 | E86: NF | F86: NF | G86: 5.4599217 | H86: NF | I86: NF | J86: NF | K86: NF | L86: NF | M86: NF | N86: NF | O86: NF | P86: 7.9350531 | Q86: 9.1382909 | R86: NF | S86: NF | T86: NF | U86: 9.8899753
A87: M05 | B87: Not supplemented 24h (medium) | C87: 0.85221553 | D87: 1.3500185 | E87: NF | F87: NF | G87: 5.5390429 | H87: NF | I87: NF | J87: 6.1773907 | K87: NF | L87: NF | M87: NF | N87: NF | O87: NF | P87: 7.820338 | Q87: 7.6964262 | R87: NF | S87: NF | T87: NF | U87: 9.84391
A88: M06 | B88: Not supplemented 24h (medium) | C88: 0.84313355 | D88: 1.5415043 | E88: NF | F88: NF | G88: 5.5033904 | H88: NF | I88: NF | J88: NF | K88: NF | L88: NF | M88: NF | N88: NF | O88: NF | P88: 7.8196246 | Q88: 7.6953943 | R88: NF | S88: NF | T88: NF | U88: 9.8097175
A89: M07 | B89: Without Nicotinamide 24h | C89: 0.83605012 | D89: 1.4163023 | E89: 2.1318536 | F89: NF | G89: 5.4599149 | H89: NF | I89: NF | J89: 6.1808724 | K89: NF | L89: NF | M89: NF | N89: NF | O89: NF | P89: 8.1108764 | Q89: 8.5960064 | R89: NF | S89: NF | T89: NF | U89: 9.8010776
A90: M08 | B90: Without Nicotinamide 24h | C90: 0.84629977 | D90: 1.3977046 | E90: 2.0691896 | F90: NF | G90: 5.5137001 | H90: NF | I90: NF | J90: 6.1728561 | K90: NF | L90: 7.9998377 | M90: NF | N90: NF | O90: NF | P90: 7.6788231 | Q90: NF | R90: NF | S90: NF | T90: NF | U90: 9.7548716
A91: M09 | B91: Without Nicotinamide 24h | C91: 0.83502374 | D91: 1.4227639 | E91: 2.1257235 | F91: NF | G91: 5.4510078 | H91: 6.4275053 | I91: NF | J91: 6.1700631 | K91: NF | L91: 6.935127 | M91: 7.8339792 | N91: NF | O91: 7.1149884 | P91: 8.1627251 | Q91: 8.6316386 | R91: 9.4962725 | S91: NF | T91: NF | U91: 9.777458
A92: M10 | B92: Without Pantothenic Acid 24h | C92: 0.87847001 | D92: 1.2444156 | E92: 1.8533717 | F92: NF | G92: 5.6176051 | H92: NF | I92: NF | J92: NF | K92: NF | L92: NF | M92: NF | N92: NF | O92: NF | P92: 7.9408813 | Q92: 7.6961059 | R92: NF | S92: NF | T92: NF | U92: 9.4952665
A93: M11 | B93: Without Pantothenic Acid 24h | C93: 0.85260622 | D93: 1.3313489 | E93: 2.0551877 | F93: NF | G93: 5.5349064 | H93: NF | I93: NF | J93: NF | K93: NF | L93: 6.9036032 | M93: NF | N93: NF | O93: NF | P93: 7.865545 | Q93: 9.515386 | R93: NF | S93: NF | T93: NF | U93: 9.8149317
A94: M12 | B94: Without Pantothenic Acid 24h | C94: 0.84390041 | D94: 1.3937863 | E94: 2.0733402 | F94: NF | G94: 5.4934968 | H94: 5.5139132 | I94: NF | J94: NF | K94: NF | L94: 6.8743292 | M94: 7.7808938 | N94: NF | O94: NF | P94: 8.2355764 | Q94: 9.0455814 | R94: NF | S94: NF | T94: NF | U94: 9.8953214
A95: M13 | B95: Fully supplemented 72h | C95: 0.8683918 | D95: 1.2534724 | E95: 2.0172652 | F95: NF | G95: 5.6421123 | H95: 5.7246761 | I95: NF | J95: 6.2017895 | K95: NF | L95: 5.5152669 | M95: NF | N95: NF | O95: NF | P95: 8.13151 | Q95: 8.7876995 | R95: NF | S95: NF | T95: NF | U95: 9.7111538
A96: M14 | B96: Fully supplemented 72h | C96: 0.84833457 | D96: 1.3368313 | E96: 2.0626996 | F96: NF | G96: 5.5868802 | H96: 5.5868802 | I96: NF | J96: 6.187026 | K96: NF | L96: 6.8318676 | M96: 7.8845106 | N96: NF | O96: NF | P96: 7.0932701 | Q96: 8.0639346 | R96: NF | S96: NF | T96: NF | U96: 9.6956736
A97: M15 | B97: Fully supplemented 72h | C97: 0.84825115 | D97: 1.3654624 | E97: 2.0727934 | F97: NF | G97: 5.5049203 | H97: 5.4847703 | I97: NF | J97: 6.181472 | K97: NF | L97: NF | M97: 7.7631009 | N97: NF | O97: NF | P97: 7.9743767 | Q97: 8.5940308 | R97: NF | S97: NF | T97: NF | U97: 9.7170816
A98: M16 | B98: Not supplemented 72h | C98: 0.83851122 | D98: 1.647402 | E98: NF | F98: NF | G98: 5.5356948 | H98: 5.4947718 | I98: NF | J98: 6.1740195 | K98: NF | L98: NF | M98: 7.8007338 | N98: NF | O98: NF | P98: 7.8734957 | Q98: 8.1096921 | R98: NF | S98: NF | T98: NF | U98: 9.7193769
A99: M17 | B99: Not supplemented 72h | C99: 0.83243972 | D99: 1.6163615 | E99: NF | F99: NF | G99: 5.4891088 | H99: 5.3715345 | I99: NF | J99: 6.1897459 | K99: NF | L99: NF | M99: 7.7562644 | N99: NF | O99: NF | P99: 7.8077914 | Q99: 9.2247151 | R99: NF | S99: NF | T99: NF | U99: 9.9599477
A100: M18 | B100: Not supplemented 72h | C100: 0.84761356 | D100: 1.7276306 | E100: NF | F100: NF | G100: 5.5606071 | H100: 5.4640015 | I100: NF | J100: 6.1577593 | K100: NF | L100: 6.8812025 | M100: 7.7943528 | N100: NF | O100: NF | P100: 7.9255184 | Q100: 8.0804007 | R100: NF | S100: NF | T100: NF | U100: 9.9002866
...

Sheet Height
A1: Filename | B1: Sample Name | C1: Panthothenic_acid_B5 | D1: NAM | E1: Rivoflavin_B2 | F1: cFMN | G1: FAD | H1: FMN | I1: NADH | J1: SACH | K1: AceCoA | L1: ADRR | M1: AMP | N1: NAD | O1: CoA | P1: ADP | Q1: ATP | R1: NADP | S1: NMN | T1: NADPH | U1: SAM
A2: 1 | B2: Fully supplemented 24h | C2: 3299681.6 | D2: 96930.701 | E2: NF | F2: 119.28336 | G2: 1768.1098 | H2: 136.99613 | I2: 2569.7425 | J2: 1189.8296 | K2: 3650.2754 | L2: 6471.8945 | M2: 53640.908 | N2: 325103.94 | O2: NF | P2: 52681.042 | Q2: 236301.76 | R2: 2089.6792 | S2: NF | T2: NF | U2: 60395.544
A3: 2 | B3: Fully supplemented 24h | C3: 3690765 | D3: 148152.8 | E3: NF | F3: NF | G3: 1748.7252 | H3: NF | I3: 4466.4192 | J3: 3732.0162 | K3: 3591.6167 | L3: 6132.2446 | M3: 79073.504 | N3: 331857.59 | O3: NF | P3: 58764.129 | Q3: 219639.2 | R3: 2263.3004 | S3: NF | T3: NF | U3: 61617.013
A4: 3 | B4: Fully supplemented 24h | C4: 4097944.1 | D4: 167452.87 | E4: 1288.284 | F4: NF | G4: 1611.706 | H4: 90.334129 | I4: 3789.4032 | J4: 4854.8517 | K4: 4000.5457 | L4: 6015.4935 | M4: 188671.97 | N4: 342285.5 | O4: NF | P4: 72620.512 | Q4: 190844.71 | R4: 2518.1904 | S4: NF | T4: 195.4056 | U4: 54605.852
A5: 4 | B5: Not supplemented 24h | C5: 780357.28 | D5: 49450.22 | E5: NF | F5: NF | G5: 1125.0982 | H5: 86.034323 | I5: 18920.25 | J5: 1292.4153 | K5: 3956.8057 | L5: 2649.0219 | M5: 552809.84 | N5: 157403.11 | O5: NF | P5: 96672.959 | Q5: 127379.99 | R5: 1770.455 | S5: NF | T5: 1706.7075 | U5: 56507.672
A6: 5 | B6: Not supplemented 24h | C6: 949695.07 | D6: 43551.671 | E6: NF | F6: NF | G6: 1577.0099 | H6: 90.354509 | I6: 23412.735 | J6: 4223.735 | K6: 6146.7056 | L6: 3670.0197 | M6: 937181.39 | N6: 224795.49 | O6: NF | P6: 138184.02 | Q6: 155104.83 | R6: 3370.4267 | S6: NF | T6: 2950.0829 | U6: 80477.599
A7: 6 | B7: Not supplemented 24h | C7: 605093.8 | D7: 34755.508 | E7: NF | F7: NF | G7: 826.08848 | H7: NF | I7: 21106.637 | J7: 809.06699 | K7: 4507.8286 | L7: 3098.5461 | M7: 775682.15 | N7: 155382.23 | O7: NF | P7: 103061.54 | Q7: 89238.838 | R7: 1834.8715 | S7: NF | T7: 2523.0218 | U7: 72307.62
A8: 7 | B8: Without Nicotinamide 24h | C8: 3914877.8 | D8: 44513.561 | E8: NF | F8: 188.88111 | G8: 2023.8057 | H8: 105.19513 | I8: 26120.429 | J8: 683.91085 | K8: 4528.4824 | L8: 2959.7667 | M8: 30957.722 | N8: 216465.08 | O8: NF | P8: 38058.478 | Q8: 291479.36 | R8: 2618.0903 | S8: NF | T8: 3168.0945 | U8: 79836.195
A9: 8 | B9: Without Nicotinamide 24h | C9: 4630394.6 | D9: 63139.394 | E9: NF | F9: NF | G9: 2101.3682 | H9: 196.47602 | I9: 27021.607 | J9: 1532.0852 | K9: 4612.5322 | L9: 3152.2753 | M9: 31039.172 | N9: 217612.54 | O9: NF | P9: 40631.296 | Q9: 284031.53 | R9: 2858.1095 | S9: NF | T9: 3124.7639 | U9: 80759.635
A10: 9 | B10: Without Nicotinamide 24h | C10: 4706835.2 | D10: 42764.67 | E10: 806.85733 | F10: NF | G10: 2104.3818 | H10: 196.62519 | I10: 30345.108 | J10: 2355.2061 | K10: 4412.9038 | L10: 3095.9863 | M10: 40340.264 | N10: 215767.5 | O10: NF | P10: 42533.512 | Q10: 304307.22 | R10: 3064.7909 | S10: NF | T10: 3320.8621 | U10: 85880.813
A11: 10 | B11: Without Pantothenic Acid 24h | C11: 4213767.2 | D11: 372702.04 | E11: 36998.383 | F11: NF | G11: 1887.7561 | H11: 161.83441 | I11: 27931.873 | J11: 986.83321 | K11: 3701.2241 | L11: 4578.5317 | M11: 28579.019 | N11: 396217.35 | O11: NF | P11: 40826.148 | Q11: 258699.95 | R11: 3788.0614 | S11: NF | T11: 3233.6217 | U11: 81949.501
A12: 11 | B12: Without Pantothenic Acid 24h | C12: 3311513.5 | D12: 315824.71 | E12: 25171.318 | F12: NF | G12: 1839.7869 | H12: NF | I12: 27117.684 | J12: 1225.0577 | K12: 4197.2427 | L12: 4088.7778 | M12: 28050.94 | N12: 369442.99 | O12: NF | P12: 36813.677 | Q12: 238912.82 | R12: 3441.312 | S12: NF | T12: 2589.9036 | U12: 73141.442
A13: 12 | B13: Without Pantothenic Acid 24h | C13: 3312699 | D13: 916262.27 | E13: 44279.867 | F13: NF | G13: 1743.9316 | H13: 276.2064 | I13: 33339.792 | J13: 882.70038 | K13: 5275.479 | L13: 5971.4478 | M13: 31991.232 | N13: 411213.85 | O13: NF | P13: 36820.22 | Q13: 245836.73 | R13: 3383.3863 | S13: NF | T13: 3925.4448 | U13: 84950.56
A14: 13 | B14: Fully supplemented 72h | C14: 9112949.1 | D14: 890557.22 | E14: 1154.9574 | F14: NF | G14: 5865.3754 | H14: 989.31538 | I14: 160098.94 | J14: 17490.763 | K14: 8823.9385 | L14: 10305.708 | M14: 2790.2522 | N14: 1069573.4 | O14: 1451.7939 | P14: 147394.7 | Q14: 946356.72 | R14: 10676.447 | S14: 2055.4239 | T14: 9755.2808 | U14: 216342.86
A15: 14 | B15: Fully supplemented 72h | C15: 7651982.1 | D15: 557300.01 | E15: NF | F15: NF | G15: 4943.111 | H15: 1061.2605 | I15: 150042.93 | J15: 14295.807 | K15: 9541.9971 | L15: 10280.089 | M15: 134461.08 | N15: 946879.08 | O15: 1773.2971 | P15: 134105.52 | Q15: 840036.18 | R15: 8622.2744 | S15: 1173.1676 | T15: 8887.3687 | U15: 147532.07
A16: 15 | B16: Fully supplemented 72h | C16: 8995743.6 | D16: 558508.73 | E16: NF | F16: NF | G16: 6301.1035 | H16: 912.32941 | I16: 143870.66 | J16: 18905.097 | K16: 11990.664 | L16: 10647.032 | M16: 159097.79 | N16: 1128271.5 | O16: 2211.8098 | P16: 158389.69 | Q16: 990494.1 | R16: 13054.788 | S16: NF | T16: 9886.7101 | U16: 208557.51
A17: 16 | B17: Not supplemented 72h | C17: 696727.36 | D17: 38823.061 | E17: NF | F17: NF | G17: 1494.3655 | H17: 108.08142 | I17: 24927.844 | J17: 23111.084 | K17: 1298.8732 | L17: 2449.2987 | M17: 3680935.8 | N17: 154570.01 | O17: NF | P17: 383761.7 | Q17: 247696.08 | R17: 7079.7279 | S17: 792.13407 | T17: 4585.9746 | U17: 237472.11
A18: 17 | B18: Not supplemented 72h | C18: 852109.49 | D18: 33652.902 | E18: NF | F18: NF | G18: 832.10466 | H18: NF | I18: 43582.875 | J18: 19350.4 | K18: 10641.684 | L18: 1972.7144 | M18: 2447071.5 | N18: 112953.29 | O18: 1222.2275 | P18: 344355.71 | Q18: 296305.83 | R18: 4532.5493 | S18: NF | T18: 4516.0767 | U18: 211740.34
A19: 18 | B19: Not supplemented 72h | C19: 726784.2 | D19: 22277.124 | E19: NF | F19: NF | G19: 1184.8234 | H19: NF | I19: 39839.012 | J19: 16306.506 | K19: 11756.891 | L19: 2209.5877 | M19: 2088146.4 | N19: 135423.87 | O19: 1830.6029 | P19: 379310.37 | Q19: 396987.74 | R19: 6733.5077 | S19: NF | T19: 4039.7815 | U19: 233069.43
A20: 19 | B20: Without Nicotinamide 72h | C20: 10155049 | D20: 33824.596 | E20: 9171.5416 | F20: NF | G20: 6771.9837 | H20: 512.58174 | I20: 38469.285 | J20: 15141.107 | K20: 11053.568 | L20: 2325.7609 | M20: 114091.21 | N20: 157682.04 | O20: 2206.1238 | P20: 100970.5 | Q20: 1077602.5 | R20: 8403.3786 | S20: NF | T20: 5213.3434 | U20: 218897.14
A21: 20 | B21: Without Nicotinamide 72h | C21: 11911152 | D21: 55355.687 | E21: 7232.9633 | F21: NF | G21: 7801.3023 | H21: 1132.9937 | I21: 42278.725 | J21: 13077.377 | K21: 12522.952 | L21: 1742.1589 | M21: 104750.01 | N21: 168590.94 | O21: 2376.0601 | P21: 105741.92 | Q21: 1099981.6 | R21: 8576.9539 | S21: NF | T21: 6728.7097 | U21: 250328.4
A22: 21 | B22: Without Nicotinamide 72h | C22: 11010762 | D22: 45780.827 | E22: 5705.5406 | F22: NF | G22: 6933.6535 | H22: 606.48173 | I22: 42181.061 | J22: 15620.959 | K22: 12074.42 | L22: 2139.8587 | M22: 123714.91 | N22: 167062.71 | O22: 1566.8829 | P22: 98534.625 | Q22: 1093188.5 | R22: 9971.5693 | S22: NF | T22: 4137.4872 | U22: 246967.65
A23: 22 | B23: Without Pantothenic Acid 72h | C23: 7006352.5 | D23: 2027921.1 | E23: 58087.283 | F23: NF | G23: 6162.5287 | H23: 947.40252 | I23: 141648.64 | J23: 14612.069 | K23: 11600.923 | L23: 11311.829 | M23: 105377.85 | N23: 1183817.5 | O23: 1515.9305 | P23: 93806.372 | Q23: 882309.93 | R23: 10439.522 | S23: 1454.2414 | T23: 8685.7015 | U23: 212000.66
A24: 23 | B24: Without Pantothenic Acid 72h | C24: 6275024.7 | D24: 1165838.9 | E24: 41171.631 | F24: NF | G24: 6058.8139 | H24: 617.3266 | I24: 134385.05 | J24: 12969.131 | K24: 958.85101 | L24: 10719.749 | M24: 82404.847 | N24: 1263719 | O24: 1826.765 | P24: 79010.404 | Q24: 794862.45 | R24: 9541.9296 | S24: 748.69246 | T24: 10852.818 | U24: 168254.37
A25: 24 | B25: Without Pantothenic Acid 72h | C25: 6457373.4 | D25: 2732612.9 | E25: 36077.474 | F25: NF | G25: 5679.9115 | H25: 411.67641 | I25: 110461.14 | J25: 13409.919 | K25: 10988.949 | L25: 9194.4767 | M25: 68447.548 | N25: 1097991.5 | O25: 1433.288 | P25: 74576.552 | Q25: 826466.37 | R25: 10866.617 | S25: NF | T25: 8627.9811 | U25: 170954.06
A26: C1 | B26: Fully supplemented 24h (concentrated) | C26: 6769312 | D26: 369689.84 | E26: 12785.53 | F26: NF | G26: 21293.5 | H26: 2535.7285 | I26: 29769.711 | J26: 1459.5123 | K26: 20283.633 | L26: 58040.072 | M26: 710480.19 | N26: 3686120.6 | O26: 6294.2324 | P26: 863001.03 | Q26: 901543.25 | R26: 16736.572 | S26: 8923.2736 | T26: 2310.8073 | U26: 260031.58
A27: C2 | B27: Fully supplemented 24h (concentrated) | C27: 3201525.9 | D27: 441046.81 | E27: 4156.4288 | F27: 111.12266 | G27: 12235.086 | H27: 2181.8541 | I27: 34485.175 | J27: 52795.279 | K27: 17220.322 | L27: 35449.314 | M27: 456339.26 | N27: 1974796.7 | O27: 3139.3059 | P27: 305807.09 | Q27: 495805.3 | R27: 9115.8672 | S27: 3137.5988 | T27: 1972.192 | U27: 173651.87
A28: C3 | B28: Fully supplemented 24h (concentrated) | C28: 4968207.1 | D28: 580512.49 | E28: 57374.9 | F28: NF | G28: 18910.207 | H28: 2186.8324 | I28: 43939.337 | J28: 44438.482 | K28: 25993.586 | L28: 47750.389 | M28: 1709609.9 | N28: 2789304.1 | O28: NF | P28: 652577.36 | Q28: 481455.13 | R28: 16823.825 | S28: 8158.4252 | T28: 1096.0414 | U28: 266683.03
A29: C4 | B29: Not supplemented 24h (concentrated) | C29: 852877.22 | D29: 190559.51 | E29: NF | F29: NF | G29: 16629.838 | H29: 1171.8651 | I29: 251875.37 | J29: 139315.38 | K29: 27888.213 | L29: 26467.267 | M29: 6188014.3 | N29: 1631834.3 | O29: 6455.6611 | P29: 1578259.5 | Q29: 585484.29 | R29: 18508.032 | S29: 9030.4715 | T29: 15053.728 | U29: 278042.88
A30: C5 | B30: Not supplemented 24h (concentrated) | C30: 752171.01 | D30: 203040.11 | E30: NF | F30: NF | G30: 14859.64 | H30: 1348.5602 | I30: 195743.65 | J30: 68289.031 | K30: 36090.438 | L30: 24584.329 | M30: 6567902.9 | N30: 1475740 | O30: 2270.791 | P30: 1345522.6 | Q30: 489269.29 | R30: 20213.511 | S30: 6758.4973 | T30: 14369.174 | U30: 327632.77
A31: C6 | B31: Not supplemented 24h (concentrated) | C31: 664721.83 | D31: 251438.3 | E31: NF | F31: NF | G31: 16322.267 | H31: 966.92995 | I31: 255115.95 | J31: 69612.98 | K31: 30680.84 | L31: 21881.214 | M31: 8491902.5 | N31: 1433783.2 | O31: 4267.6885 | P31: 1308141.8 | Q31: 407195.28 | R31: 19200.392 | S31: 8467.9039 | T31: 14938.889 | U31: 329473.87
A32: C7 | B32: Without Nicotinamide 24h (concentrated) | C32: 10209415 | D32: 232800.63 | E32: 28259.135 | F32: 106.99838 | G32: 23111.266 | H32: 2903.7204 | I32: 290079.48 | J32: 85580.562 | K32: 32149.859 | L32: 28048.601 | M32: 248179.61 | N32: 1910763.8 | O32: 7241.2051 | P32: 626498.1 | Q32: 1251698.1 | R32: 20781.513 | S32: 5959.0244 | T32: 18548.952 | U32: 384705.19
A33: C8 | B33: Without Nicotinamide 24h (concentrated) | C33: 14273070 | D33: 238332.7 | E33: 30486.894 | F33: NF | G33: 25037.595 | H33: 2840.6504 | I33: 320472.7 | J33: 112327.66 | K33: 35274.453 | L33: 29066.483 | M33: 319455.5 | N33: 2299388.6 | O33: 6661.3716 | P33: 639137.16 | Q33: 1380057.9 | R33: 23815.013 | S33: 9314.8252 | T33: 22628.429 | U33: 395347.42
A34: C9 | B34: Without Nicotinamide 24h (concentrated) | C34: 11257533 | D34: 205539.18 | E34: 34055.501 | F34: NF | G34: 25367.825 | H34: 3114.7439 | I34: 336679.69 | J34: 90013.524 | K34: 30620.27 | L34: 28897.078 | M34: 387589.87 | N34: 2087701.9 | O34: 6311.5361 | P34: 695464.41 | Q34: 1732446.7 | R34: 23441.307 | S34: 8746.1342 | T34: 20145.847 | U34: 424911.06
A35: C10 | B35: Without Pantothenic Acid 24h (concentrated) | C35: 506903.09 | D35: 1859494.7 | E35: 269623.6 | F35: NF | G35: 17876.19 | H35: 2120.2198 | I35: 226086.32 | J35: 85266.581 | K35: 23891.77 | L35: 37922.433 | M35: 235126.39 | N35: 3515904.4 | O35: 2838.1265 | P35: 375493.35 | Q35: 1016529.9 | R35: 25584.545 | S35: 6242.2253 | T35: 13577.667 | U35: 353704.22
A36: C11 | B36: Without Pantothenic Acid 24h (concentrated) | C36: 7605568.7 | D36: 949524.77 | E36: 314126.83 | F36: NF | G36: 21601.545 | H36: 2261.9296 | I36: 321370.25 | J36: 104398.08 | K36: 27760.975 | L36: 45454.256 | M36: 234893.29 | N36: 4106584.9 | O36: 4516.4131 | P36: 630381.9 | Q36: 1271640.3 | R36: 26208.246 | S36: 7867.7543 | T36: 19358.777 | U36: 373619.58
A37: C12 | B37: Without Pantothenic Acid 24h (concentrated) | C37: 11155948 | D37: 1649037.6 | E37: 622775.41 | F37: NF | G37: 22238.359 | H37: 2407.1501 | I37: 328452.42 | J37: 87115.319 | K37: 30981.256 | L37: 49387.668 | M37: 303166.03 | N37: 4396403.6 | O37: 4152.0498 | P37: 472334.47 | Q37: 1080491.2 | R37: 28025.792 | S37: 7152.741 | T37: 20247.294 | U37: 386974.26
A38: C13 | B38: Fully supplemented 72h (concentrated) | C38: 12068018 | D38: 2078373.2 | E38: 42510.231 | F38: NF | G38: 64158.544 | H38: 10615.238 | I38: 2147589 | J38: 713836.89 | K38: 35836.938 | L38: 81447.694 | M38: 897078.15 | N38: 12482708 | O38: 33790.652 | P38: 2143514.4 | Q38: 5681550.1 | R38: 81212.874 | S38: 24358.338 | T38: 55575.874 | U38: 494150.87
A39: C14 | B39: Fully supplemented 72h (concentrated) | C39: 7884134.3 | D39: 1781808.6 | E39: 51733.083 | F39: NF | G39: 70478.936 | H39: 10835.32 | I39: 2336045.4 | J39: 1221859.2 | K39: 42439.965 | L39: 96706.669 | M39: 1017012 | N39: 12587532 | O39: 36888.957 | P39: 2192209.8 | Q39: 5768454 | R39: 91318.575 | S39: 24747.795 | T39: 58538.411 | U39: 294596.8
A40: C15 | B40: Fully supplemented 72h (concentrated) | C40: 22662222 | D40: 1530695.7 | E40: 55089.697 | F40: NF | G40: 79952.546 | H40: 10940.656 | I40: 2272737 | J40: 910547.91 | K40: 62510.453 | L40: 87147.102 | M40: 1244764.8 | N40: 14213057 | O40: 45957.926 | P40: 2976593.2 | Q40: 5406453 | R40: 86105.297 | S40: 27935.666 | T40: 71898.458 | U40: 551299.72
A41: C16 | B41: Not supplemented 72h (concentrated) | C41: 5914.7684 | D41: 98102.697 | E41: NF | F41: NF | G41: 18446.031 | H41: 1185.7858 | I41: 491682.43 | J41: 530320.16 | K41: 103731.34 | L41: 17329.468 | M41: 27529656 | N41: 1352175.6 | O41: 12547.896 | P41: 4974711 | Q41: 1045174.2 | R41: 44421.286 | S41: 5153.8201 | T41: 39802.408 | U41: 805313.62
A42: C17 | B42: Not supplemented 72h (concentrated) | C42: 742375.25 | D42: 96534.382 | E42: NF | F42: NF | G42: 15170.778 | H42: 802.01958 | I42: 526201.88 | J42: 712370.69 | K42: 82582.453 | L42: 13312.008 | M42: 19011339 | N42: 1056007.1 | O42: 27763.092 | P42: 4722144.9 | Q42: 1112169 | R42: 29147.965 | S42: 1760.6318 | T42: 33528.197 | U42: 669316.85
A43: C18 | B43: Not supplemented 72h (concentrated) | C43: 248738.21 | D43: 207604.93 | E43: NF | F43: NF | G43: 7176.8924 | H43: 276.64138 | I43: 232975.17 | J43: 183573.13 | K43: 37790.117 | L43: 6262.319 | M43: 8493678.7 | N43: 443557.16 | O43: 7952.3325 | P43: 1260813.1 | Q43: 733423.02 | R43: 14218.666 | S43: NF | T43: 10905.259 | U43: 443753.9
A44: C19 | B44: Without Nicotinamide 72h (concentrated) | C44: 31486417 | D44: 91186.177 | E44: 135805.35 | F44: NF | G44: 67995.858 | H44: 8592.9718 | I44: 364699.04 | J44: 520346.02 | K44: 70905.648 | L44: 17166.869 | M44: 570983.07 | N44: 1228341.8 | O44: 34018.449 | P44: 1775885.3 | Q44: 3782843.2 | R44: 47566.091 | S44: 1305.1778 | T44: 34161.144 | U44: 621199.86
A45: C20 | B45: Without Nicotinamide 72h (concentrated) | C45: 17200573 | D45: 114149.97 | E45: 126615.56 | F45: NF | G45: 72944.813 | H45: 8168.6418 | I45: 410353.91 | J45: 828553.66 | K45: 73464.078 | L45: 18393.858 | M45: 621970.27 | N45: 1350916.4 | O45: 41233.492 | P45: 2374101.3 | Q45: 3684581.6 | R45: 43866.864 | S45: 4476.5458 | T45: 44122.531 | U45: 627632.24
A46: C21 | B46: Without Nicotinamide 72h (concentrated) | C46: 15457633 | D46: 271907.72 | E46: 111934.45 | F46: NF | G46: 70946.769 | H46: 8979.3581 | I46: 407422.07 | J46: 456683.12 | K46: 85955.703 | L46: 19096.415 | M46: 635600.87 | N46: 1425795 | O46: 34166.173 | P46: 2187252.4 | Q46: 5095193.4 | R46: 55109.577 | S46: 3910.2774 | T46: 38408.878 | U46: 710107.18
A47: C22 | B47: Without Pantothenic Acid 72h (concentrated) | C47: 14749033 | D47: 6357941 | E47: 750001.01 | F47: NF | G47: 67001.99 | H47: 8084.6574 | I47: 1373708.6 | J47: 549533.25 | K47: 72421.336 | L47: 106533.26 | M47: 630722.88 | N47: 14067522 | O47: 42270.375 | P47: 1552450 | Q47: 3509382.4 | R47: 92657.339 | S47: 25087.121 | T47: 57061.646 | U47: 515015.62
A48: C23 | B48: Without Pantothenic Acid 72h (concentrated) | C48: 8928515.6 | D48: 3296181.5 | E48: 348057.17 | F48: NF | G48: 54305.282 | H48: 6343.4681 | I48: 1162512.6 | J48: 669700.15 | K48: 51507.188 | L48: 88750.065 | M48: 655805.46 | N48: 12294753 | O48: 22432.91 | P48: 1845447 | Q48: 3514307.6 | R48: 68922.456 | S48: 16641.585 | T48: 57527.365 | U48: 534954.37
A49: C24 | B49: Without Pantothenic Acid 72h (concentrated) | C49: 12628864 | D49: 4275169.9 | E49: 483731.44 | F49: NF | G49: 61766.738 | H49: 6969.335 | I49: 1294519.4 | J49: 525852.34 | K49: 65944.523 | L49: 94583.1 | M49: 426133.9 | N49: 11481685 | O49: 38286.357 | P49: 1460128.4 | Q49: 3158583.6 | R49: 69677.514 | S49: 19341.624 | T49: 54054.368 | U49: 481084.24
A50: G1_P1 | C50: 955973.42 | D50: 1778789.8 | E50: 9143.2218 | F50: 701875.26 | G50: 8362035.9 | H50: 38763.189 | I50: NF | J50: 717349.2 | K50: 14270.089 | L50: 392455.69 | M50: 488111.43 | N50: 13117703 | O50: NF | P50: 49639.51 | Q50: 550788.75 | R50: NF | S50: NF | T50: NF | U50: 7695371.1
A51: G1_P2 | C51: 8933.3386 | D51: 1223692.8 | E51: 2637.3024 | F51: 290743.01 | G51: 3214286.2 | H51: 17412.693 | I51: NF | J51: 285271.76 | K51: 2987.8647 | L51: 165538.99 | M51: 199745.71 | N51: 5455760.1 | O51: NF | P51: 18370.982 | Q51: 184578.52 | R51: NF | S51: NF | T51: NF | U51: 2910637.1
A52: G1_P3 | C52: 947158.23 | D52: 645308 | E52: NF | F52: 110872.25 | G52: 1156680.4 | H52: 7981.7667 | I52: NF | J52: 1347.3654 | K52: 1988.8301 | L52: 66232.022 | M52: 83073.878 | N52: 1804327.9 | O52: NF | P52: 6758.1586 | Q52: 62272.702 | R52: NF | S52: NF | T52: NF | U52: 812759.81
A53: G1_P4 | C53: 988902.37 | D53: 687183.58 | E53: NF | F53: 47396.921 | G53: 405032.9 | H53: 4412.3614 | I53: NF | J53: 1018.1157 | K53: NF | L53: 25783.505 | M53: 28136.94 | N53: 610176.51 | O53: NF | P53: 1260.0463 | Q53: 20183.677 | R53: NF | S53: NF | T53: NF | U53: 227136.47
A54: G1_P5 | C54: 942987.05 | D54: 410002.57 | E54: NF | F54: 19204.541 | G54: 164454.58 | H54: 3246.6236 | I54: NF | J54: 718.46372 | K54: NF | L54: 10076.405 | M54: 1055.1552 | N54: 242478.6 | O54: NF | P54: 1325.1706 | Q54: 7639.6016 | R54: NF | S54: NF | T54: NF | U54: 57111.241
A55: G1_P6 | C55: 978868.69 | D55: 745606.37 | E55: NF | F55: 9042.4105 | G55: 62473.326 | H55: 3088.7748 | I55: NF | J55: 1529.4091 | K55: 7385.0947 | L55: 4002.0557 | M55: 2725.693 | N55: 96190.866 | O55: NF | P55: 576.67886 | Q55: 3342.9361 | R55: NF | S55: NF | T55: NF | U55: 29036.567
A56: G1_P7 | C56: 953200.38 | D56: 486160.2 | E56: NF | F56: 3489.5346 | G56: 24083.084 | H56: 977.34695 | I56: NF | J56: 849.86975 | K56: NF | L56: 1757.8147 | M56: 2719.6831 | N56: 37420.226 | O56: NF | P56: 250.54919 | Q56: 1471.8156 | R56: NF | S56: NF | T56: NF | U56: 9583.7231
A57: G1_P8 | C57: 1011706 | D57: 235976.91 | E57: NF | F57: 1072.385 | G57: 9354.1205 | H57: 290.16868 | I57: NF | J57: 676.08342 | K57: NF | L57: 963.7099 | M57: 735.90136 | N57: 14813.188 | O57: NF | P57: 104.66793 | Q57: 789.04333 | R57: NF | S57: NF | T57: NF | U57: 1595.0868
A58: G2_P1 | C58: 888053.44 | D58: 455060.29 | E58: 3452490.1 | F58: 50053.551 | G58: NF | H58: 9380868.5 | I58: NF | J58: 684.39624 | K58: 2034.3585 | L58: NF | M58: 276005.02 | N58: 3881.8435 | O58: 408625.78 | P58: 1133508.1 | Q58: 834.44679 | R58: NF | S58: NF | T58: NF | U58: 2373.6278
A59: G2_P2 | C59: 5700.7132 | D59: 458338.04 | E59: 1391405.8 | F59: 19706.066 | G59: NF | H59: 3378405.8 | I59: NF | J59: 932.33351 | K59: 1203.5204 | L59: 243.55403 | M59: 111919.2 | N59: 2075.7615 | O59: 72386.7 | P59: 361434.55 | Q59: 917.04423 | R59: NF | S59: NF | T59: NF | U59: 3465.8165
A60: G2_P3 | C60: 906767.66 | D60: 304518.03 | E60: 565882.71 | F60: 6631.4981 | G60: NF | H60: 1252209.3 | I60: NF | J60: 1213.8829 | K60: NF | L60: 418.96314 | M60: 41708.589 | N60: 1823.4722 | O60: 15587.592 | P60: 123678.99 | Q60: 1002.5301 | R60: NF | S60: NF | T60: NF | U60: 3306.357
A61: G2_P4 | C61: 6215.7852 | D61: 263902.81 | E61: 218556.92 | F61: 3050.5957 | G61: NF | H61: 455627.71 | I61: NF | J61: 1039.8248 | K61: 1276.5764 | L61: 234.90645 | M61: 15907.633 | N61: 3888.8493 | O61: 4608.1566 | P61: 45129.232 | Q61: 1299.2229 | R61: NF | S61: NF | T61: NF | U61: 3763.8906
A62: G2_P5 | C62: 883221.51 | D62: 280030.31 | E62: 96751.727 | F62: 914.93114 | G62: NF | H62: 208510.99 | I62: NF | J62: 759.69137 | K62: NF | L62: 884.90757 | M62: 9153.5206 | N62: 3786.3974 | O62: 2283.5166 | P62: 19867.426 | Q62: 1608.7624 | R62: NF | S62: NF | T62: NF | U62: 4996.6042
A63: G2_P6 | C63: 914216.75 | D63: 333562.78 | E63: 37540.864 | F63: 2477.0469 | G63: NF | H63: 76594.48 | I63: NF | J63: 769.7069 | K63: NF | L63: 1114.89 | M63: 1182.0754 | N63: 3447.7361 | O63: NF | P63: 7680.6824 | Q63: 2068.9526 | R63: NF | S63: NF | T63: NF | U63: 8418.6899
A64: G2_P7 | C64: 1009486 | D64: 277309.28 | E64: 14787.832 | F64: 588.21674 | G64: NF | H64: 31700.932 | I64: NF | J64: 766.8213 | K64: NF | L64: 1133.7229 | M64: 796.28165 | N64: 3111.845 | O64: NF | P64: 3688.7568 | Q64: 3138.036 | R64: NF | S64: NF | T64: NF | U64: 11877.693
A65: G2_P8 | C65: 829159.53 | D65: 288623.13 | E65: 5252.0124 | F65: NF | G65: NF | H65: 12244.375 | I65: NF | J65: 1365.5327 | K65: NF | L65: 1802.0703 | M65: 749.64995 | N65: 3412.5405 | O65: NF | P65: 3113.315 | Q65: 6636.6175 | R65: NF | S65: NF | T65: NF | U65: 23274.724
A66: G3_P1 | C66: 924166.01 | D66: 191715.84 | E66: 22945.331 | F66: 16472108 | G66: 2117.4843 | H66: 2123764.9 | I66: NF | J66: 828.25935 | K66: 6493315.4 | L66: NF | M66: 14513557 | N66: NF | O66: 6487.6796 | P66: 616.52434 | Q66: 109.78915 | R66: NF | S66: NF | T66: NF | U66: 773.27272
A67: G3_P2 | C67: 890972.12 | D67: 373816.37 | E67: 5671.8203 | F67: 7269745.6 | G67: 545.40747 | H67: 947586.71 | I67: NF | J67: 856.78311 | K67: 2370806.6 | L67: NF | M67: 7276637.2 | N67: 1706.8468 | O67: 2122.4458 | P67: 867.45128 | Q67: 145.78921 | R67: NF | S67: NF | T67: NF | U67: 681.15485
A68: G3_P3 | C68: 894507.27 | D68: 201501.34 | E68: 993.79932 | F68: 2756209.7 | G68: NF | H68: 362554.53 | I68: NF | J68: 1304.6663 | K68: 830852.42 | L68: NF | M68: 3195620.3 | N68: NF | O68: NF | P68: 199.89747 | Q68: 96.456329 | R68: NF | S68: NF | T68: NF | U68: 1044.4815
A69: G3_P4 | C69: 782081.26 | D69: 401550.99 | E69: 927.09182 | F69: 1162186.9 | G69: NF | H69: 150636.27 | I69: NF | J69: 1381.3764 | K69: 292410.07 | L69: NF | M69: 1201861.5 | N69: 2059.2666 | O69: NF | P69: 1848.4343 | Q69: 47.720754 | R69: NF | S69: NF | T69: NF | U69: 2811.5124
A70: G3_P5 | C70: 877007 | D70: 251187.6 | E70: NF | F70: 431703.26 | G70: NF | H70: 56847.942 | I70: NF | J70: 1031.0206 | K70: 112622.47 | L70: NF | M70: 478761.72 | N70: 1490.0831 | O70: 1138.7313 | P70: 254.7714 | Q70: 59.37361 | R70: NF | S70: NF | T70: NF | U70: 1522.2262
A71: G3_P6 | C71: 927009.39 | D71: 253631.97 | E71: NF | F71: 180930.39 | G71: NF | H71: 22684.844 | I71: NF | J71: 1226.551 | K71: 42801.289 | L71: NF | M71: 197949.81 | N71: NF | O71: 1552.511 | P71: 488.76944 | Q71: 211.61127 | R71: NF | S71: NF | T71: NF | U71: 1378.0191
A72: G3_P7 | C72: 856566.27 | D72: 663976.49 | E72: 941.1145 | F72: 70237.064 | G72: NF | H72: 11093.46 | I72: NF | J72: 1238.3645 | K72: 20479.957 | L72: NF | M72: 83576.348 | N72: 2309.1258 | O72: 2521.5292 | P72: 345.35068 | Q72: 242.89143 | R72: NF | S72: NF | T72: NF | U72: 2783.3397
A73: G3_P8 | C73: 949839.19 | D73: 125328.01 | E73: NF | F73: 29534.46 | G73: NF | H73: 5978.3263 | I73: NF | J73: 1256.4941 | K73: 8139.5674 | L73: NF | M73: 39139.331 | N73: NF | O73: 4359.9386 | P73: 11138.76 | Q73: 223.32959 | R73: NF | S73: NF | T73: NF | U73: 603.98042
A74: M1 | B74: Fully supplemented 24h | C74: 49193689 | D74: 41558299 | E74: 162878.57 | F74: NF | G74: 703.24556 | H74: 139.91383 | I74: NF | J74: NF | K74: NF | L74: NF | M74: NF | N74: NF | O74: NF | P74: 315.25659 | Q74: 75.075123 | R74: NF | S74: NF | T74: NF | U74: 2090.1173
A75: M2 | B75: Fully supplemented 24h | C75: 51075780 | D75: 49548290 | E75: 179856.99 | F75: NF | G75: 898.23581 | H75: NF | I75: NF | J75: 1242.3105 | K75: NF | L75: 1220.0803 | M75: NF | N75: NF | O75: NF | P75: 344.00021 | Q75: 51.473466 | R75: NF | S75: NF | T75: 317.95761 | U75: 1011.1378
A76: M3 | B76: Fully supplemented 24h | C76: 23710026 | D76: 31815680 | E76: 140284.78 | F76: NF | G76: NF | H76: NF | I76: NF | J76: 883.11639 | K76: NF | L76: 779.97952 | M76: NF | N76: NF | O76: NF | P76: 182.78524 | Q76: 156.33043 | R76: NF | S76: NF | T76: NF | U76: 1771.8548
A77: M4 | B77: Not supplemented 24h | C77: 571428.97 | D77: 44099.683 | E77: NF | F77: NF | G77: 922.97696 | H77: NF | I77: NF | J77: NF | K77: NF | L77: NF | M77: NF | N77: NF | O77: NF | P77: 145.23206 | Q77: 120.31179 | R77: NF | S77: NF | T77: NF | U77: 1837.8773
A78: M5 | B78: Not supplemented 24h | C78: 501596.77 | D78: 39468.808 | E78: NF | F78: NF | G78: 814.39142 | H78: NF | I78: NF | J78: 1587.4861 | K78: NF | L78: NF | M78: NF | N78: NF | O78: NF | P78: 248.54362 | Q78: 333.06592 | R78: NF | S78: NF | T78: NF | U78: 3967.7144
A79: M6 | B79: Not supplemented 24h | C79: 490445.62 | D79: 34270.401 | E79: NF | F79: 90.526054 | G79: 728.08015 | H79: NF | I79: NF | J79: NF | K79: NF | L79: NF | M79: NF | N79: NF | O79: NF | P79: 287.0975 | Q79: 154.34466 | R79: NF | S79: NF | T79: 300.09816 | U79: 1366.0496
A80: M7 | B80: Without Nicotinamide 24h | C80: 49325840 | D80: 34242.598 | E80: 329264.57 | F80: NF | G80: 1057.1529 | H80: NF | I80: NF | J80: 4144.1719 | K80: NF | L80: NF | M80: NF | N80: NF | O80: NF | P80: 108.59509 | Q80: 873.92289 | R80: NF | S80: NF | T80: NF | U80: 871.7506
A81: M8 | B81: Without Nicotinamide 24h | C81: 54482583 | D81: 30283.378 | E81: 283089.7 | F81: NF | G81: 914.04475 | H81: NF | I81: NF | J81: 3619.3268 | K81: NF | L81: 254.66888 | M81: NF | N81: NF | O81: NF | P81: 905.81039 | Q81: NF | R81: NF | S81: NF | T81: NF | U81: 2372.0942
A82: M9 | B82: Without Nicotinamide 24h | C82: 59328850 | D82: 34030.042 | E82: 527943.83 | F82: NF | G82: 1139.0439 | H82: 173.12424 | I82: NF | J82: 6945.6323 | K82: NF | L82: 372.84318 | M82: 1069.3745 | N82: NF | O82: 1895.0576 | P82: 2777.3603 | Q82: 4648.8326 | R82: 230.54107 | S82: NF | T82: 630.02455 | U82: 3977.8071
A83: M10 | B83: Without Pantothenic Acid 24h | C83: 18406409 | D83: 70291576 | E83: 844584.54 | F83: NF | G83: 715.16243 | H83: NF | I83: NF | J83: NF | K83: NF | L83: NF | M83: NF | N83: NF | O83: NF | P83: 452.7306 | Q83: 168.23708 | R83: NF | S83: NF | T83: NF | U83: 3577.3371
A84: M11 | B84: Without Pantothenic Acid 24h | C84: 18508255 | D84: 57417604 | E84: 1117587.2 | F84: 106.36602 | G84: 789.99986 | H84: NF | I84: NF | J84: NF | K84: NF | L84: 1517.3092 | M84: NF | N84: NF | O84: NF | P84: 169.48193 | Q84: 48.77917 | R84: NF | S84: NF | T84: 352.59474 | U84: 1588.6626
A85: M12 | B85: Without Pantothenic Acid 24h | C85: 17964322 | D85: 44079712 | E85: 1170966.9 | F85: NF | G85: 601.78901 | H85: 105.35798 | I85: NF | J85: NF | K85: NF | L85: 928.11156 | M85: 1391.3455 | N85: NF | O85: NF | P85: 446.10512 | Q85: 49.087284 | R85: NF | S85: NF | T85: 431.61272 | U85: 1682.3898
A86: M13 | B86: Fully supplemented 72h | C86: 59731760 | D86: 81581753 | E86: 151691.45 | F86: NF | G86: 670.98478 | H86: 155.45746 | I86: NF | J86: 32874.421 | K86: NF | L86: 580.83604 | M86: NF | N86: NF | O86: NF | P86: 477.17902 | Q86: 73.754135 | R86: NF | S86: 1247.4414 | T86: 302.2219 | U86: 2294.0678
A87: M14 | B87: Fully supplemented 72h | C87: 63142310 | D87: 54822996 | E87: 203992.23 | F87: 123.27835 | G87: 933.28268 | H87: 344.85681 | I87: NF | J87: 31240.238 | K87: NF | L87: 543.14214 | M87: 1208.8155 | N87: NF | O87: NF | P87: 330.1125 | Q87: 737.98598 | R87: NF | S87: NF | T87: NF | U87: 6451.0872
A88: M15 | B88: Fully supplemented 72h | C88: 59321662 | D88: 50198053 | E88: 238247.86 | F88: NF | G88: 1233.4294 | H88: 473.20038 | I88: NF | J88: 30237.467 | K88: NF | L88: NF | M88: 1937.1786 | N88: NF | O88: NF | P88: 395.3203 | Q88: 302.94299 | R88: NF | S88: NF | T88: NF | U88: 1099.3702
A89: M16 | B89: Not supplemented 72h | C89: 377483.74 | D89: 37535.363 | E89: NF | F89: 78.476803 | G89: 827.24522 | H89: 269.31835 | I89: NF | J89: 46187.831 | K89: NF | L89: NF | M89: 2756.4846 | N89: NF | O89: NF | P89: 364.92508 | Q89: 978.75807 | R89: NF | S89: NF | T89: 285.09517 | U89: 4680.1994
A90: M17 | B90: Not supplemented 72h | C90: 553301.44 | D90: 33128.441 | E90: NF | F90: NF | G90: 1161.7586 | H90: 1299.2734 | I90: NF | J90: 49194.797 | K90: NF | L90: NF | M90: 2721.6459 | N90: NF | O90: NF | P90: 663.88188 | Q90: 424.19897 | R90: NF | S90: NF | T90: NF | U90: 1111.9972
A91: M18 | B91: Not supplemented 72h | C91: 455867.62 | D91: 30423.72 | E91: NF | F91: NF | G91: 811.36276 | H91: 562.28022 | I91: NF | J91: 42667.593 | K91: NF | L91: 841.93255 | M91: 2568.2672 | N91: NF | O91: NF | P91: 279.31738 | Q91: 1015.1988 | R91: NF | S91: NF | T91: NF | U91: 3823.4787
A92: M19 | B92: Without Nicotinamide 72h | C92: 57452518 | D92: 29831.026 | E92: 397967.75 | F92: NF | G92: 1082.9681 | H92: 165.74644 | I92: NF | J92: 32841.311 | K92: NF | L92: NF | M92: 5784.0549 | N92: NF | O92: NF | P92: 235.38938 | Q92: 618.68381 | R92: NF | S92: NF | T92: 286.28394 | U92: 1098.9406
A93: M20 | B93: Without Nicotinamide 72h | C93: 52265067 | D93: 30377.678 | E93: 423430.92 | F93: NF | G93: 1109.3584 | H93: 215.77351 | I93: NF | J93: 31067.698 | K93: NF | L93: 621.83419 | M93: 4369.0055 | N93: NF | O93: NF | P93: 336.50755 | Q93: 380.40382 | R93: NF | S93: NF | T93: 326.6765 | U93: 2180.8996
A94: M21 | B94: Without Nicotinamide 72h | C94: 62619775 | D94: 33356.893 | E94: 345508.81 | F94: 105.23076 | G94: 1088.9868 | H94: 289.42302 | I94: NF | J94: 34264.302 | K94: NF | L94: NF | M94: 3378.068 | N94: NF | O94: NF | P94: 303.71171 | Q94: 50.955518 | R94: NF | S94: NF | T94: 325.91289 | U94: 2949.4542
A95: M22 | B95: Without Pantothenic Acid 72h | C95: 18730171 | D95: 36329316 | E95: 2225659.8 | F95: NF | G95: 731.79324 | H95: 466.7034 | I95: NF | J95: 26966.532 | K95: NF | L95: NF | M95: 1331.3179 | N95: 255.14281 | O95: NF | P95: 926.93307 | Q95: 2346.5998 | R95: NF | S95: NF | T95: NF | U95: 3680.5701
A96: M23 | B96: Without Pantothenic Acid 72h | C96: 15845541 | D96: 35520676 | E96: 1428314.8 | F96: NF | G96: 882.13544 | H96: 333.33862 | I96: NF | J96: 23868.265 | K96: NF | L96: NF | M96: 1604.608 | N96: 485.31714 | O96: NF | P96: 277.27525 | Q96: 516.05776 | R96: 251.02144 | S96: NF | T96: 456.64471 | U96: 1632.9878
A97: M24 | B97: Without Pantothenic Acid 72h | C97: 17830209 | D97: 44046832 | E97: 1606723.7 | F97: NF | G97: 1111.6277 | H97: 89.519682 | I97: NF | J97: 28743.781 | K97: NF | L97: NF | M97: 1241.543 | N97: NF | O97: NF | P97: 207.49093 | Q97: 48.464772 | R97: NF | S97: NF | T97: NF | U97: 1883.9511

Sheet Graphs
A1: Sample Name | B1: Days | C1: FAD | D1: AceCoA | E1: NAD | F1: CoA | G1: ADP | H1: ATP | I1: SAM | J1: ADRR
A2: Fully supplemented 24h | B2: 1 | C2: 0.27547229 | D2: 0.22496307 | E2: 0.28431009 | F2: -0.68928385 | G2: 2.2842836 | H2: 0 | I2: 2.8863201 | J2: 17.485535
A3: Fully supplemented 24h | B3: 1 | C3: 0.38723567 | D3: 0.31729304 | E3: 0.40298742 | F3: -0.8288645 | G3: 3.092349 | H3: 0 | I3: 4.3795871 | J3: 22.671425
A4: Fully supplemented 24h | B4: 1 | C4: 0.38679704 | D4: 0.31367465 | E4: 0.39953727 | F4: -0.015454548 | G4: 3.2828105 | H4: 0 | I4: 5.1543462 | J4: 19.408942
A5: Not supplemented 24h | B5: 1 | C5: 0.33962216 | D5: 0.28298468 | E5: 0.36438327 | F5: 2.0861072 | G5: 1.3594616 | H5: 0 | I5: 5.7071588 | J5: 12.039337
A6: Not supplemented 24h | B6: 1 | C6: 0.35342303 | D6: 0.2916844 | E6: 0.39479082 | F6: 4.4139701 | G6: 1.9364649 | H6: 0 | I6: 7.7512734 | J6: 15.967849
A7: Not supplemented 24h | B7: 1 | C7: 0.87312718 | D7: 0.73333484 | E7: 0.94435198 | F7: 11.368942 | G7: 3.8528905 | H7: 0 | I7: 16.816427 | J7: 26.803655
A8: Without Nicotinamide 24h | B8: 1 | C8: 0.53074109 | D8: 0.43215143 | E8: 0.55447036 | F8: -1.6952839 | G8: 2.5892079 | H8: 0 | I8: 4.1412233 | J8: 37.228969
A9: Without Nicotinamide 24h | B9: 1 | C9: 0.32141526 | D9: 0.2604748 | E9: 0.33512385 | F9: -1.0011006 | G9: 1.6285334 | H9: 0 | I9: 2.6261433 | J9: 22.752037
A10: Without Nicotinamide 24h | B10: 1 | C10: 0.46451727 | D10: 0.37744761 | E10: 0.48335374 | F10: -1.3569515 | G10: 2.428552 | H10: 0 | I10: 3.9487628 | J10: 35.580193
A11: Without Pantothenic Acid 24h | B11: 1 | C11: 0.89611297 | D11: 0.73336394 | E11: 0.92484812 | F11: -2.8736327 | G11: 8.2036066 | H11: 0 | I11: 7.4521759 | J11: 57.048352
A12: Without Pantothenic Acid 24h | B12: 1 | C12: 0.30092083 | D12: 0.24595875 | E12: 0.3147743 | F12: -0.97833212 | G12: 2.4565245 | H12: 0 | I12: 2.2281702 | J12: 17.969767
A13: Without Pantothenic Acid 24h | B13: 1 | C13: 0.29817639 | D13: 0.24548594 | E13: 0.31832209 | F13: -0.92717334 | G13: 2.7645537 | H13: 0 | I13: 2.3511272 | J13: 18.697554
... A25: Without Pantothenic Acid 72h | B25: 3 | C25: 0.53630566 | D25: 0.40282114 | E25: 0.60316776 | F25: -1.2112137 | G25: 10.938544 | H25: 7.7281344 | I25: 5.9621816 | J25: 84.618278
